,datetime,open,high,low,close,volume
0,2019-11-11T00:00:00+05:30,314.7,319.65,313.1,318.25,20491942
1,2019-11-13T00:00:00+05:30,316.05,318.6,305.65,306.8,32675829
2,2019-11-14T00:00:00+05:30,306.95,309.5,299.7,306.0,43617772
3,2019-11-15T00:00:00+05:30,312.0,323.7,310.05,321.9,95199897
4,2019-11-18T00:00:00+05:30,324.0,329.85,323.75,325.1,39009263
5,2019-11-19T00:00:00+05:30,325.8,331.8,322.1,330.4,41372145
6,2019-11-20T00:00:00+05:30,332.0,332.5,325.1,328.8,29972583
7,2019-11-21T00:00:00+05:30,329.25,332.85,326.55,331.35,34116162
8,2019-11-22T00:00:00+05:30,331.45,333.8,328.25,329.3,28974967
9,2019-11-25T00:00:00+05:30,329.0,337.5,328.35,336.1,27561300
10,2019-11-26T00:00:00+05:30,338.0,340.0,332.6,335.5,36464072
11,2019-11-27T00:00:00+05:30,335.95,345.55,334.05,343.55,33971305
12,2019-11-28T00:00:00+05:30,346.85,351.0,344.5,349.3,42538227
13,2019-11-29T00:00:00+05:30,348.85,348.85,340.6,341.85,23081823
14,2019-12-02T00:00:00+05:30,343.9,344.35,336.2,338.5,20648850
15,2019-12-03T00:00:00+05:30,341.0,342.95,333.35,336.25,26482178
16,2019-12-04T00:00:00+05:30,334.1,342.95,331.85,341.85,26789483
17,2019-12-05T00:00:00+05:30,343.0,344.6,335.15,336.2,30429507
18,2019-12-06T00:00:00+05:30,336.7,337.65,318.0,320.0,47027528
19,2019-12-09T00:00:00+05:30,318.95,327.65,314.75,316.7,52435239
20,2019-12-10T00:00:00+05:30,317.2,322.65,312.25,313.4,52155809
21,2019-12-11T00:00:00+05:30,311.2,315.75,308.0,312.8,52557951
22,2019-12-12T00:00:00+05:30,314.0,322.95,313.55,321.85,37804216
23,2019-12-13T00:00:00+05:30,325.2,333.45,325.0,332.55,40955226
24,2019-12-16T00:00:00+05:30,335.95,337.25,330.8,331.85,35027613
25,2019-12-17T00:00:00+05:30,333.25,335.75,330.65,332.9,26734601
26,2019-12-18T00:00:00+05:30,335.0,335.55,325.8,326.95,26449075
27,2019-12-19T00:00:00+05:30,327.35,329.6,324.5,328.15,27516289
28,2019-12-20T00:00:00+05:30,330.35,339.5,330.35,337.85,51839714
29,2019-12-23T00:00:00+05:30,335.7,338.85,330.35,332.4,30150335
30,2019-12-24T00:00:00+05:30,333.2,334.2,329.2,331.45,21747782
31,2019-12-26T00:00:00+05:30,333.0,333.45,328.1,329.85,24616942
32,2019-12-27T00:00:00+05:30,333.4,338.35,333.0,337.25,33477173
33,2019-12-30T00:00:00+05:30,337.75,337.85,332.5,334.4,22775554
34,2019-12-31T00:00:00+05:30,334.4,336.35,332.55,333.75,23801635
35,2020-01-01T00:00:00+05:30,334.7,335.95,332.15,334.45,17379320
36,2020-01-02T00:00:00+05:30,334.5,339.85,333.35,339.3,20324236
37,2020-01-03T00:00:00+05:30,337.95,337.95,332.0,333.7,21853208
38,2020-01-06T00:00:00+05:30,331.7,331.7,317.7,319.0,35645325
39,2020-01-07T00:00:00+05:30,324.45,327.0,315.4,318.4,50966826
40,2020-01-08T00:00:00+05:30,312.1,321.5,311.0,319.8,44527485
41,2020-01-09T00:00:00+05:30,326.9,331.4,325.0,330.2,40348407
42,2020-01-10T00:00:00+05:30,331.0,337.95,328.1,332.25,42377838
43,2020-01-13T00:00:00+05:30,334.0,335.45,329.05,330.75,23615129
44,2020-01-14T00:00:00+05:30,329.8,331.7,326.5,328.0,26296117
45,2020-01-15T00:00:00+05:30,329.0,329.2,322.35,324.25,32625740
46,2020-01-16T00:00:00+05:30,324.0,326.9,322.35,323.3,26653623
47,2020-01-17T00:00:00+05:30,313.0,323.5,310.1,318.0,58396326
48,2020-01-20T00:00:00+05:30,321.0,321.45,313.4,314.0,30682902
49,2020-01-21T00:00:00+05:30,313.8,316.95,312.0,313.7,30591772
50,2020-01-22T00:00:00+05:30,317.0,317.0,313.7,316.15,24994911
51,2020-01-23T00:00:00+05:30,316.0,324.8,314.15,323.2,33293610
52,2020-01-24T00:00:00+05:30,323.5,327.3,321.15,324.05,22706879
53,2020-01-27T00:00:00+05:30,320.9,322.0,315.8,316.2,23309355
54,2020-01-28T00:00:00+05:30,317.95,320.0,311.05,315.1,26488426
55,2020-01-29T00:00:00+05:30,317.85,319.7,315.55,316.45,23914114
56,2020-01-30T00:00:00+05:30,316.75,316.75,305.65,310.7,35802330
57,2020-01-31T00:00:00+05:30,313.7,321.7,308.6,318.45,92656638
58,2020-02-01T00:00:00+05:30,317.95,322.65,296.3,302.6,61841736
59,2020-02-03T00:00:00+05:30,303.0,306.85,295.35,298.1,56060158
60,2020-02-04T00:00:00+05:30,302.9,307.55,297.1,306.25,51141567
61,2020-02-05T00:00:00+05:30,306.9,313.65,304.6,311.0,35014841
62,2020-02-06T00:00:00+05:30,311.2,323.5,310.1,321.95,57757656
63,2020-02-07T00:00:00+05:30,321.5,325.0,318.4,320.55,37126803
64,2020-02-10T00:00:00+05:30,319.8,322.8,316.5,318.5,24816396
65,2020-02-11T00:00:00+05:30,321.05,325.8,321.05,324.35,30188757
66,2020-02-12T00:00:00+05:30,329.9,329.9,319.25,320.2,38930849
67,2020-02-13T00:00:00+05:30,322.0,330.95,322.0,327.45,62516057
68,2020-02-14T00:00:00+05:30,328.1,331.9,318.55,319.4,48205947
69,2020-02-17T00:00:00+05:30,320.95,321.15,311.65,314.2,36950692
70,2020-02-18T00:00:00+05:30,315.4,319.2,309.4,317.55,38588583
71,2020-02-19T00:00:00+05:30,322.3,324.0,317.25,320.35,39846727
72,2020-02-20T00:00:00+05:30,319.35,329.2,318.75,327.65,40150409
73,2020-02-24T00:00:00+05:30,325.75,331.3,321.85,322.95,45273936
74,2020-02-25T00:00:00+05:30,325.9,328.15,322.2,326.8,39050709
75,2020-02-26T00:00:00+05:30,324.85,330.8,324.2,328.2,43915281
76,2020-02-27T00:00:00+05:30,328.0,330.0,318.0,321.95,47010040
77,2020-02-28T00:00:00+05:30,312.0,314.65,301.1,303.0,59705346
78,2020-03-02T00:00:00+05:30,311.0,312.0,284.05,287.4,66711413
79,2020-03-03T00:00:00+05:30,293.0,294.4,285.3,289.85,61949382
80,2020-03-04T00:00:00+05:30,291.8,293.0,275.1,285.3,73675736
81,2020-03-05T00:00:00+05:30,290.9,298.4,270.0,288.5,149245973
82,2020-03-06T00:00:00+05:30,268.0,274.4,253.95,270.5,106043172
83,2020-03-09T00:00:00+05:30,260.05,262.75,251.15,253.45,101294751
84,2020-03-11T00:00:00+05:30,253.0,258.5,243.1,245.1,90847179
85,2020-03-12T00:00:00+05:30,231.9,231.9,208.6,212.6,99770256
86,2020-03-13T00:00:00+05:30,200.0,248.8,184.65,242.0,155703140
87,2020-03-16T00:00:00+05:30,227.9,231.4,220.6,223.35,75584607
88,2020-03-17T00:00:00+05:30,227.2,229.9,212.05,215.15,65414721
89,2020-03-18T00:00:00+05:30,221.0,223.15,200.1,215.2,101405421
90,2020-03-19T00:00:00+05:30,202.95,219.75,198.15,203.65,93535977
91,2020-03-20T00:00:00+05:30,205.55,215.7,200.0,209.85,77393021
92,2020-03-23T00:00:00+05:30,190.0,199.5,180.25,181.6,61751758
93,2020-03-24T00:00:00+05:30,190.95,191.95,173.55,183.2,67492010
94,2020-03-25T00:00:00+05:30,178.0,195.25,176.45,189.9,71568237
95,2020-03-26T00:00:00+05:30,191.55,201.0,185.1,192.75,107260674
96,2020-03-27T00:00:00+05:30,202.0,211.9,195.0,195.95,114746995
97,2020-03-30T00:00:00+05:30,190.0,195.0,186.25,186.9,60083237
98,2020-03-31T00:00:00+05:30,192.0,198.5,188.05,196.85,59543906
99,2020-04-01T00:00:00+05:30,194.0,194.5,185.25,186.55,52954482
100,2020-04-03T00:00:00+05:30,187.55,188.2,175.0,175.5,64455937
101,2020-04-07T00:00:00+05:30,184.4,187.3,177.6,186.4,72133717
102,2020-04-08T00:00:00+05:30,182.9,194.4,180.45,183.0,80436673
103,2020-04-09T00:00:00+05:30,188.0,190.0,183.6,187.75,62417301
104,2020-04-13T00:00:00+05:30,186.8,188.7,183.1,183.5,51847574
105,2020-04-15T00:00:00+05:30,187.0,191.95,180.15,182.35,72190294
106,2020-04-16T00:00:00+05:30,182.0,189.9,180.25,188.5,61165997
107,2020-04-17T00:00:00+05:30,196.0,198.0,186.3,193.25,89858053
108,2020-04-20T00:00:00+05:30,194.0,197.35,190.05,192.5,81961666
109,2020-04-21T00:00:00+05:30,188.0,188.2,183.0,184.75,53043573
110,2020-04-22T00:00:00+05:30,185.5,189.5,181.35,188.7,61503792
111,2020-04-23T00:00:00+05:30,187.75,189.9,185.15,186.7,50957437
112,2020-04-24T00:00:00+05:30,184.0,184.0,179.0,179.75,65146846
113,2020-04-27T00:00:00+05:30,183.5,183.5,180.5,180.9,43003001
114,2020-04-28T00:00:00+05:30,182.0,185.35,181.2,184.3,49590249
115,2020-04-29T00:00:00+05:30,185.0,191.8,183.5,190.1,57470639
116,2020-04-30T00:00:00+05:30,193.5,195.9,189.7,190.5,63069460
117,2020-05-04T00:00:00+05:30,182.45,183.5,178.0,178.85,58122608
118,2020-05-05T00:00:00+05:30,181.0,181.25,168.8,170.4,91050629
119,2020-05-06T00:00:00+05:30,171.15,173.3,166.55,171.1,73156881
120,2020-05-07T00:00:00+05:30,170.85,172.55,168.8,170.75,42944139
121,2020-05-08T00:00:00+05:30,172.45,173.8,166.1,166.65,55935527
122,2020-05-11T00:00:00+05:30,167.95,168.9,165.0,165.45,54594499
123,2020-05-12T00:00:00+05:30,164.2,168.5,160.85,166.9,70752913
124,2020-05-13T00:00:00+05:30,178.55,178.55,170.5,174.1,81721884
125,2020-05-14T00:00:00+05:30,170.95,171.75,167.5,167.95,48137099
126,2020-05-15T00:00:00+05:30,167.95,168.25,164.7,166.4,35498484
127,2020-05-18T00:00:00+05:30,166.4,166.4,155.0,155.3,77350889
128,2020-05-19T00:00:00+05:30,157.5,157.85,152.4,152.8,71522983
129,2020-05-20T00:00:00+05:30,153.0,155.25,151.15,153.4,66178068
130,2020-05-21T00:00:00+05:30,153.65,156.15,151.5,151.95,61150189
131,2020-05-22T00:00:00+05:30,152.0,155.6,149.45,150.85,87069955
132,2020-05-26T00:00:00+05:30,152.4,153.2,150.2,151.4,48281208
133,2020-05-27T00:00:00+05:30,151.95,160.8,150.8,158.6,88206678
134,2020-05-28T00:00:00+05:30,159.45,162.4,156.7,158.2,76970390
135,2020-05-29T00:00:00+05:30,156.1,161.9,155.2,161.3,58368035
136,2020-06-01T00:00:00+05:30,164.0,171.4,163.35,170.05,92742124
137,2020-06-02T00:00:00+05:30,169.9,171.3,167.2,170.25,70422258
138,2020-06-03T00:00:00+05:30,172.5,179.9,172.0,174.9,113173574
139,2020-06-04T00:00:00+05:30,174.9,177.65,171.5,174.05,83495015
140,2020-06-05T00:00:00+05:30,176.55,189.8,176.0,187.8,201325176
141,2020-06-08T00:00:00+05:30,197.0,197.5,185.8,186.8,151750421
142,2020-06-09T00:00:00+05:30,187.7,191.0,183.35,184.45,96656234
143,2020-06-10T00:00:00+05:30,184.55,189.0,183.8,187.7,67335901
144,2020-06-11T00:00:00+05:30,188.0,190.4,176.35,177.15,91729798
145,2020-06-12T00:00:00+05:30,170.0,180.0,169.8,179.15,92761694
146,2020-06-15T00:00:00+05:30,177.85,177.85,172.0,173.7,63617286
147,2020-06-16T00:00:00+05:30,178.0,178.95,169.4,172.9,63929925
148,2020-06-17T00:00:00+05:30,171.0,176.2,169.25,172.95,73867145
149,2020-06-18T00:00:00+05:30,172.4,180.65,171.1,179.65,58262367
150,2020-06-19T00:00:00+05:30,180.3,184.95,179.5,184.5,76897890
151,2020-06-22T00:00:00+05:30,185.0,191.75,184.25,187.7,80024673
152,2020-06-23T00:00:00+05:30,189.6,193.1,187.85,192.45,65487726
153,2020-06-24T00:00:00+05:30,194.8,194.9,183.9,184.6,74670206
154,2020-06-25T00:00:00+05:30,182.2,186.8,180.4,185.25,73626947
155,2020-06-26T00:00:00+05:30,188.0,188.6,183.8,184.6,49178705
156,2020-06-29T00:00:00+05:30,183.0,183.1,178.5,179.25,50967079
157,2020-06-30T00:00:00+05:30,181.1,182.9,177.25,178.45,43616291
158,2020-07-01T00:00:00+05:30,179.45,185.4,178.6,184.8,54015536
159,2020-07-02T00:00:00+05:30,185.65,188.0,184.0,185.45,52127613
160,2020-07-03T00:00:00+05:30,186.65,186.85,183.4,184.7,38050996
161,2020-07-06T00:00:00+05:30,186.6,189.85,186.15,188.05,43789749
162,2020-07-07T00:00:00+05:30,187.0,189.2,184.05,188.6,55124984
163,2020-07-08T00:00:00+05:30,188.9,197.45,188.4,191.9,143083196
164,2020-07-09T00:00:00+05:30,192.8,201.0,192.55,199.1,89540860
165,2020-07-10T00:00:00+05:30,198.0,202.5,194.8,195.6,111410003
166,2020-07-13T00:00:00+05:30,198.8,199.8,191.6,192.7,61952344
167,2020-07-14T00:00:00+05:30,192.3,192.3,184.6,186.05,62243325
168,2020-07-15T00:00:00+05:30,187.95,189.95,183.0,183.8,58528072
169,2020-07-16T00:00:00+05:30,185.0,186.95,181.65,186.25,46549518
170,2020-07-17T00:00:00+05:30,186.8,189.5,185.0,188.2,47035751
171,2020-07-20T00:00:00+05:30,190.0,193.25,188.75,190.75,45680606
172,2020-07-21T00:00:00+05:30,192.45,196.2,191.5,194.4,59286092
173,2020-07-22T00:00:00+05:30,195.7,196.75,190.1,192.0,62276770
174,2020-07-23T00:00:00+05:30,192.4,199.1,191.15,198.25,70802269
175,2020-07-24T00:00:00+05:30,195.7,196.3,190.65,191.95,65266228
176,2020-07-27T00:00:00+05:30,193.0,193.2,186.5,187.15,50714366
177,2020-07-28T00:00:00+05:30,188.0,190.5,185.75,189.45,51490418
178,2020-07-29T00:00:00+05:30,187.6,195.25,187.0,191.2,73766851
179,2020-07-30T00:00:00+05:30,192.5,193.5,186.05,186.55,48478733
180,2020-07-31T00:00:00+05:30,188.0,194.85,186.7,191.45,145903102
181,2020-08-03T00:00:00+05:30,192.0,194.6,190.05,192.25,72457670
182,2020-08-04T00:00:00+05:30,193.35,193.8,190.5,191.6,43867110
183,2020-08-05T00:00:00+05:30,192.75,196.85,191.0,191.45,68888954
184,2020-08-06T00:00:00+05:30,192.3,194.5,190.25,190.95,59740299
185,2020-08-07T00:00:00+05:30,191.45,192.1,189.55,190.65,44822757
186,2020-08-10T00:00:00+05:30,191.85,195.5,191.7,193.8,48785067
187,2020-08-11T00:00:00+05:30,195.0,196.8,193.75,195.05,43892064
188,2020-08-12T00:00:00+05:30,196.0,204.25,194.6,203.3,157820882
189,2020-08-13T00:00:00+05:30,205.5,207.3,200.75,201.9,70443500
190,2020-08-14T00:00:00+05:30,203.0,204.0,194.6,196.5,56176117
191,2020-08-17T00:00:00+05:30,198.45,198.65,191.5,193.1,54788249
192,2020-08-18T00:00:00+05:30,193.8,195.75,191.7,195.1,46295650
193,2020-08-19T00:00:00+05:30,196.4,200.3,195.9,197.05,59302164
194,2020-08-20T00:00:00+05:30,194.0,196.35,193.25,194.75,37505379
195,2020-08-21T00:00:00+05:30,199.0,201.5,197.65,198.4,68047789
196,2020-08-24T00:00:00+05:30,200.0,202.8,198.6,201.45,53866579
197,2020-08-25T00:00:00+05:30,204.0,208.45,202.7,207.95,105397006
198,2020-08-26T00:00:00+05:30,208.5,210.35,206.15,209.85,66750983
199,2020-08-27T00:00:00+05:30,210.5,216.5,210.5,215.65,80999489
200,2020-08-28T00:00:00+05:30,217.0,225.9,216.8,224.85,95983850
201,2020-08-31T00:00:00+05:30,231.55,231.55,210.35,212.0,119990567
202,2020-09-01T00:00:00+05:30,213.1,218.9,211.2,218.1,75048317
203,2020-09-02T00:00:00+05:30,218.25,219.0,212.3,216.25,47608719
204,2020-09-03T00:00:00+05:30,217.5,218.25,212.3,213.15,38595597
205,2020-09-04T00:00:00+05:30,210.0,212.3,205.9,206.6,54435819
206,2020-09-07T00:00:00+05:30,207.5,209.65,205.4,207.9,35687677
207,2020-09-08T00:00:00+05:30,207.9,208.5,202.9,204.05,34147081
208,2020-09-09T00:00:00+05:30,201.1,201.4,192.5,194.85,72716962
209,2020-09-10T00:00:00+05:30,197.7,201.45,195.2,198.15,67790247
210,2020-09-11T00:00:00+05:30,198.55,203.85,197.0,202.7,48488142
211,2020-09-14T00:00:00+05:30,205.9,206.2,197.35,198.5,63606706
212,2020-09-15T00:00:00+05:30,199.9,201.0,197.1,200.15,51762796
213,2020-09-16T00:00:00+05:30,199.85,200.05,196.25,198.2,52407160
214,2020-09-17T00:00:00+05:30,197.0,198.0,195.0,195.45,41226058
215,2020-09-18T00:00:00+05:30,196.0,197.2,189.7,192.6,55286449
216,2020-09-21T00:00:00+05:30,193.05,193.5,184.25,185.8,57614739
217,2020-09-22T00:00:00+05:30,186.15,188.3,181.15,186.2,51216440
218,2020-09-23T00:00:00+05:30,188.15,188.95,181.0,183.8,44321881
219,2020-09-24T00:00:00+05:30,181.1,181.8,175.5,176.35,46115352
220,2020-09-25T00:00:00+05:30,179.0,182.75,176.15,182.2,46550618
221,2020-09-28T00:00:00+05:30,184.0,188.15,183.35,187.25,41921659
222,2020-09-29T00:00:00+05:30,188.5,188.95,183.25,185.05,35688939
223,2020-09-30T00:00:00+05:30,185.05,186.8,182.4,185.4,37642302
224,2020-10-01T00:00:00+05:30,187.0,191.2,186.9,190.3,43589041
225,2020-10-05T00:00:00+05:30,192.0,193.8,187.05,188.75,41694812
226,2020-10-06T00:00:00+05:30,191.1,192.1,188.3,191.6,31098807
227,2020-10-07T00:00:00+05:30,192.55,193.15,189.1,190.7,34578821
228,2020-10-08T00:00:00+05:30,191.35,195.8,190.55,191.5,43351954
229,2020-10-09T00:00:00+05:30,192.0,198.8,190.55,198.3,64908374
230,2020-10-12T00:00:00+05:30,199.7,205.95,197.25,198.7,69125880
231,2020-10-13T00:00:00+05:30,198.65,200.0,195.1,195.7,34949604
232,2020-10-14T00:00:00+05:30,194.05,200.9,193.05,200.05,40550062
233,2020-10-15T00:00:00+05:30,201.0,202.5,192.0,192.85,49184944
234,2020-10-16T00:00:00+05:30,194.0,196.75,191.6,195.95,36894938
235,2020-10-19T00:00:00+05:30,196.2,204.6,196.05,204.0,60223657
236,2020-10-20T00:00:00+05:30,201.0,204.35,200.7,203.05,39317197
237,2020-10-21T00:00:00+05:30,204.7,207.3,198.85,203.75,54516482
238,2020-10-22T00:00:00+05:30,201.9,204.6,201.1,203.3,33721761
239,2020-10-23T00:00:00+05:30,204.0,205.6,201.55,202.8,32708098
240,2020-10-26T00:00:00+05:30,202.7,204.0,195.6,196.7,45471498
241,2020-10-27T00:00:00+05:30,197.25,197.55,192.25,194.65,37802664
242,2020-10-28T00:00:00+05:30,195.0,195.0,189.05,190.45,46462213
243,2020-10-29T00:00:00+05:30,189.35,190.7,185.9,188.7,44823105
244,2020-10-30T00:00:00+05:30,189.35,192.0,186.15,189.25,41520135
245,2020-11-02T00:00:00+05:30,192.2,197.25,190.05,196.05,52600119
246,2020-11-03T00:00:00+05:30,198.0,205.8,197.6,204.75,69890201
247,2020-11-04T00:00:00+05:30,203.5,209.0,198.05,207.0,117577856
248,2020-11-05T00:00:00+05:30,216.0,221.0,214.75,218.65,138023646
249,2020-11-06T00:00:00+05:30,219.0,221.85,217.05,219.2,73147085
250,2020-11-09T00:00:00+05:30,222.5,222.65,217.05,219.5,60359458
251,2020-11-10T00:00:00+05:30,223.1,235.0,223.0,231.7,135294550
252,2020-11-11T00:00:00+05:30,232.75,239.35,227.75,234.2,107094861
253,2020-11-12T00:00:00+05:30,233.2,233.35,225.65,226.8,58859905
254,2020-11-13T00:00:00+05:30,225.0,230.65,220.1,229.45,70676525
255,2020-11-17T00:00:00+05:30,231.85,241.6,231.0,240.2,80501583
256,2020-11-18T00:00:00+05:30,239.4,253.0,237.9,252.0,104514060
257,2020-11-19T00:00:00+05:30,248.0,251.8,239.0,239.75,82284278
258,2020-11-20T00:00:00+05:30,241.5,245.4,233.95,242.75,84411129
259,2020-11-23T00:00:00+05:30,243.5,246.15,238.1,238.7,57538324
260,2020-11-24T00:00:00+05:30,240.5,245.0,239.5,243.85,47636611
261,2020-11-25T00:00:00+05:30,245.45,249.9,241.6,243.0,74767232
262,2020-11-26T00:00:00+05:30,244.0,246.25,240.15,245.45,64248318
263,2020-11-27T00:00:00+05:30,245.45,246.25,242.05,244.25,54355703
264,2020-12-01T00:00:00+05:30,245.0,248.95,244.25,248.05,37003272
265,2020-12-02T00:00:00+05:30,248.35,250.85,244.1,246.95,56723083
266,2020-12-03T00:00:00+05:30,249.3,259.0,248.0,256.3,79266442
267,2020-12-04T00:00:00+05:30,257.0,264.35,253.55,263.5,79252024
268,2020-12-07T00:00:00+05:30,263.8,271.45,263.0,269.6,76053084
269,2020-12-08T00:00:00+05:30,270.95,273.7,265.25,271.9,65617502
270,2020-12-09T00:00:00+05:30,272.1,274.9,269.2,270.35,48495641
271,2020-12-10T00:00:00+05:30,269.0,271.0,265.55,269.55,38676657
272,2020-12-11T00:00:00+05:30,270.05,276.25,270.05,272.45,50255223
273,2020-12-14T00:00:00+05:30,274.0,276.15,272.35,274.2,31946501
274,2020-12-15T00:00:00+05:30,274.05,274.05,268.15,270.65,34890948
275,2020-12-16T00:00:00+05:30,272.8,273.65,268.5,269.4,24844177
276,2020-12-17T00:00:00+05:30,270.0,272.15,266.7,267.7,25904699
277,2020-12-18T00:00:00+05:30,267.7,271.95,265.0,271.45,29816205
278,2020-12-21T00:00:00+05:30,268.45,269.0,251.05,254.7,55160758
279,2020-12-22T00:00:00+05:30,254.8,258.7,248.25,257.45,51189571
280,2020-12-23T00:00:00+05:30,256.95,263.9,255.6,263.0,29056404
281,2020-12-24T00:00:00+05:30,265.0,268.85,264.65,266.85,28577746
282,2020-12-28T00:00:00+05:30,268.75,276.0,268.0,275.2,36857388
283,2020-12-29T00:00:00+05:30,276.3,279.9,274.7,277.9,45017773
284,2020-12-30T00:00:00+05:30,278.0,278.7,272.5,276.9,30960880
285,2020-12-31T00:00:00+05:30,275.0,277.25,272.6,274.95,29461177
286,2021-01-01T00:00:00+05:30,274.9,280.0,274.4,279.4,24520374
287,2021-01-04T00:00:00+05:30,281.85,283.9,277.75,281.05,31444939
288,2021-01-05T00:00:00+05:30,278.05,282.45,277.0,281.4,27384904
289,2021-01-06T00:00:00+05:30,283.0,289.15,281.4,285.05,40749212
290,2021-01-07T00:00:00+05:30,289.0,291.8,287.0,287.7,30527706
291,2021-01-08T00:00:00+05:30,290.1,291.4,285.2,286.0,32543357
292,2021-01-11T00:00:00+05:30,288.0,288.2,279.6,282.5,29700477
293,2021-01-12T00:00:00+05:30,280.0,293.85,277.9,292.5,44297198
294,2021-01-13T00:00:00+05:30,296.0,308.0,294.5,305.95,78034626
295,2021-01-14T00:00:00+05:30,306.7,309.25,303.8,307.25,40109594
296,2021-01-15T00:00:00+05:30,306.8,310.9,301.3,303.85,35290556
297,2021-01-18T00:00:00+05:30,303.5,308.65,292.2,294.45,54961153
298,2021-01-19T00:00:00+05:30,297.65,302.5,296.4,298.6,35792644
299,2021-01-20T00:00:00+05:30,298.8,304.7,296.85,302.55,33742642
300,2021-01-21T00:00:00+05:30,304.0,305.15,291.5,294.85,29969313
301,2021-01-22T00:00:00+05:30,295.5,298.0,282.4,283.7,44435474
302,2021-01-25T00:00:00+05:30,284.5,288.0,277.05,280.95,34022210
303,2021-01-27T00:00:00+05:30,280.2,284.85,272.7,275.65,39200557
304,2021-01-28T00:00:00+05:30,271.9,283.35,269.5,282.35,48699256
305,2021-01-29T00:00:00+05:30,285.6,290.65,279.1,282.1,42278839
306,2021-02-01T00:00:00+05:30,285.1,313.9,282.75,310.7,103360438
307,2021-02-02T00:00:00+05:30,315.0,337.4,315.0,333.1,121247160
308,2021-02-03T00:00:00+05:30,333.75,339.9,325.8,335.95,66391931
309,2021-02-04T00:00:00+05:30,334.4,358.0,331.1,355.1,145184694
310,2021-02-05T00:00:00+05:30,387.0,408.35,385.15,393.1,214936765
311,2021-02-08T00:00:00+05:30,398.0,407.8,394.75,397.05,79376923
312,2021-02-09T00:00:00+05:30,396.75,403.5,389.0,394.8,63858307
313,2021-02-10T00:00:00+05:30,394.05,397.9,388.0,392.25,54155498
314,2021-02-11T00:00:00+05:30,391.8,396.95,388.25,390.15,36380657
315,2021-02-12T00:00:00+05:30,391.0,399.35,385.55,393.15,53579402
316,2021-02-15T00:00:00+05:30,397.5,409.45,395.7,406.95,56601530
317,2021-02-16T00:00:00+05:30,412.0,415.75,400.3,402.9,80349333
318,2021-02-17T00:00:00+05:30,403.0,414.85,400.15,413.25,74149771
319,2021-02-18T00:00:00+05:30,425.05,427.7,413.7,415.2,67136110
320,2021-02-19T00:00:00+05:30,415.0,415.0,395.0,399.55,66142263
321,2021-02-22T00:00:00+05:30,400.6,401.0,385.65,389.5,52517406
322,2021-02-23T00:00:00+05:30,392.0,399.7,389.0,395.6,45455812
323,2021-02-24T00:00:00+05:30,397.3,410.5,396.3,406.25,38834649
324,2021-02-25T00:00:00+05:30,411.0,414.9,406.55,407.4,46975676
325,2021-02-26T00:00:00+05:30,399.5,401.0,387.0,390.15,64399738
326,2021-03-01T00:00:00+05:30,395.1,397.7,391.0,394.95,29671146
327,2021-03-02T00:00:00+05:30,395.0,399.55,390.55,394.2,30529911
328,2021-03-03T00:00:00+05:30,396.5,408.9,396.0,405.05,46249221
329,2021-03-04T00:00:00+05:30,398.7,403.5,394.45,395.65,43594168
330,2021-03-05T00:00:00+05:30,395.0,395.0,378.1,383.65,72179228
331,2021-03-08T00:00:00+05:30,388.45,393.4,386.05,389.6,39140193
332,2021-03-09T00:00:00+05:30,393.45,394.9,382.25,387.6,28032952
333,2021-03-10T00:00:00+05:30,391.1,393.0,385.7,387.7,22652590
334,2021-03-12T00:00:00+05:30,391.7,393.2,377.5,381.1,35313894
335,2021-03-15T00:00:00+05:30,382.5,386.0,369.35,383.9,42709470
336,2021-03-16T00:00:00+05:30,385.6,387.85,376.1,378.55,38172526
337,2021-03-17T00:00:00+05:30,378.2,379.65,366.05,368.15,33118275
338,2021-03-18T00:00:00+05:30,371.5,375.0,361.1,367.1,39401234
339,2021-03-19T00:00:00+05:30,363.95,372.9,357.25,371.15,60303207
340,2021-03-22T00:00:00+05:30,372.0,372.8,363.5,367.0,28450650
341,2021-03-23T00:00:00+05:30,368.7,377.95,367.05,372.7,41025813
342,2021-03-24T00:00:00+05:30,368.5,369.05,358.65,359.85,42287170
343,2021-03-25T00:00:00+05:30,360.0,360.85,345.2,355.2,57485435
344,2021-03-26T00:00:00+05:30,360.0,362.0,354.55,357.2,40683793
345,2021-03-30T00:00:00+05:30,360.1,364.3,356.3,360.1,39393544
346,2021-03-31T00:00:00+05:30,360.3,367.85,357.95,364.3,38622666
347,2021-04-01T00:00:00+05:30,367.7,371.9,363.1,370.95,31850985
348,2021-04-05T00:00:00+05:30,367.5,369.2,349.05,353.55,51729378
349,2021-04-06T00:00:00+05:30,355.7,357.0,349.3,350.55,44129858
350,2021-04-07T00:00:00+05:30,351.25,363.2,347.6,358.55,48011563
351,2021-04-08T00:00:00+05:30,361.0,363.3,354.3,355.6,33363170
352,2021-04-09T00:00:00+05:30,354.4,364.5,351.2,353.0,46443010
353,2021-04-12T00:00:00+05:30,344.0,344.0,322.55,328.85,75492888
354,2021-04-13T00:00:00+05:30,332.0,342.25,330.5,341.0,49758899
355,2021-04-15T00:00:00+05:30,342.1,347.55,336.1,342.7,52940988
356,2021-04-16T00:00:00+05:30,343.0,345.5,338.65,339.9,37758846
357,2021-04-19T00:00:00+05:30,327.15,332.05,321.3,331.15,53294407
358,2021-04-20T00:00:00+05:30,335.1,339.9,326.7,329.5,41290762
359,2021-04-22T00:00:00+05:30,326.0,337.65,323.3,336.65,49096726
360,2021-04-23T00:00:00+05:30,331.65,339.9,331.65,336.45,44219495
361,2021-04-26T00:00:00+05:30,339.25,347.45,339.25,344.3,49229140
362,2021-04-27T00:00:00+05:30,344.0,354.95,342.4,353.05,46000357
363,2021-04-28T00:00:00+05:30,357.0,364.3,356.05,363.4,56688889
364,2021-04-29T00:00:00+05:30,362.9,369.95,355.5,359.4,63681959
365,2021-04-30T00:00:00+05:30,353.45,362.5,350.45,353.5,53820928
366,2021-05-03T00:00:00+05:30,349.6,352.5,341.4,350.6,43684106
367,2021-05-04T00:00:00+05:30,355.0,362.9,350.2,351.5,57735775
368,2021-05-05T00:00:00+05:30,356.5,357.45,348.0,355.4,40867480
369,2021-05-06T00:00:00+05:30,358.0,359.35,350.55,355.55,36288398
370,2021-05-07T00:00:00+05:30,357.5,362.0,353.0,358.25,38347627
371,2021-05-10T00:00:00+05:30,360.5,367.0,358.8,361.7,41729106
372,2021-05-11T00:00:00+05:30,356.85,366.4,354.75,364.65,41883154
373,2021-05-12T00:00:00+05:30,362.8,373.5,361.9,367.7,53421953
374,2021-05-14T00:00:00+05:30,370.0,372.5,359.55,360.45,51711035
375,2021-05-17T00:00:00+05:30,364.4,385.2,363.65,383.1,106546324
376,2021-05-18T00:00:00+05:30,390.0,392.55,380.05,382.25,70894871
377,2021-05-19T00:00:00+05:30,382.0,389.5,381.2,384.4,48182699
378,2021-05-20T00:00:00+05:30,387.0,387.8,382.0,384.55,42895575
379,2021-05-21T00:00:00+05:30,390.0,404.4,378.0,401.2,192786383
380,2021-05-24T00:00:00+05:30,417.0,419.2,405.3,412.05,142920422
381,2021-05-25T00:00:00+05:30,415.1,415.5,408.5,412.35,56036060
382,2021-05-26T00:00:00+05:30,413.8,418.75,410.8,413.55,52350519
383,2021-05-27T00:00:00+05:30,413.7,429.1,412.0,425.2,73334163
384,2021-05-28T00:00:00+05:30,430.5,433.65,420.05,422.0,65116262
385,2021-05-31T00:00:00+05:30,421.0,426.0,418.0,424.35,38278411
386,2021-06-01T00:00:00+05:30,426.05,435.35,425.6,432.55,59282041
387,2021-06-02T00:00:00+05:30,430.8,437.95,429.15,437.25,38648741
388,2021-06-03T00:00:00+05:30,437.0,441.95,433.5,439.65,38882177
389,2021-06-04T00:00:00+05:30,437.5,441.9,431.75,433.6,36890691
390,2021-06-07T00:00:00+05:30,435.1,437.4,430.8,432.25,20188295
391,2021-06-08T00:00:00+05:30,432.25,432.5,424.0,427.2,31102293
392,2021-06-09T00:00:00+05:30,427.5,432.3,418.2,421.45,27775513
393,2021-06-10T00:00:00+05:30,424.9,433.3,422.4,432.25,27389487
394,2021-06-11T00:00:00+05:30,434.85,435.5,425.25,429.6,26820361
395,2021-06-14T00:00:00+05:30,427.0,432.45,416.7,430.35,30092030
396,2021-06-15T00:00:00+05:30,429.2,432.8,428.0,429.5,16390552
397,2021-06-16T00:00:00+05:30,428.0,432.75,425.0,425.95,19692297
398,2021-06-17T00:00:00+05:30,421.0,425.95,416.6,420.25,23038324
399,2021-06-18T00:00:00+05:30,423.9,423.9,402.65,412.9,45686692
400,2021-06-21T00:00:00+05:30,406.35,421.0,400.5,419.75,33108196
401,2021-06-22T00:00:00+05:30,423.0,425.45,417.3,418.65,28434773
402,2021-06-23T00:00:00+05:30,421.1,424.75,415.0,418.85,27558579
403,2021-06-24T00:00:00+05:30,420.35,422.75,416.3,417.2,19208360
404,2021-06-25T00:00:00+05:30,421.0,431.0,419.05,428.8,29886797
405,2021-06-28T00:00:00+05:30,430.7,433.15,424.55,426.75,29360384
406,2021-06-29T00:00:00+05:30,427.5,428.95,420.55,421.5,22264633
407,2021-06-30T00:00:00+05:30,423.0,424.9,418.3,419.2,18329009
408,2021-07-01T00:00:00+05:30,420.3,423.7,417.15,420.4,16155312
409,2021-07-02T00:00:00+05:30,420.3,425.4,419.0,424.4,16413717
410,2021-07-05T00:00:00+05:30,426.5,434.5,424.25,432.65,16466238
411,2021-07-06T00:00:00+05:30,431.7,436.5,428.2,429.75,20188877
412,2021-07-07T00:00:00+05:30,429.35,434.0,427.55,432.85,14468003
413,2021-07-08T00:00:00+05:30,432.8,435.4,422.1,424.45,21423955
414,2021-07-09T00:00:00+05:30,425.0,427.5,421.05,423.75,16837571
415,2021-07-12T00:00:00+05:30,426.5,430.25,424.6,427.45,12882398
416,2021-07-13T00:00:00+05:30,430.0,431.8,428.3,429.1,12827607
417,2021-07-14T00:00:00+05:30,429.0,432.3,426.4,431.05,12761990
418,2021-07-15T00:00:00+05:30,432.7,432.95,429.65,431.7,11024881
419,2021-07-16T00:00:00+05:30,432.0,432.5,427.45,430.0,8712609
420,2021-07-19T00:00:00+05:30,423.4,429.45,418.85,427.9,14420260
421,2021-07-20T00:00:00+05:30,427.0,427.0,418.9,420.9,14616440
422,2021-07-22T00:00:00+05:30,425.55,426.7,420.9,422.05,11794486
423,2021-07-23T00:00:00+05:30,422.9,429.95,419.5,428.9,17699525
424,2021-07-26T00:00:00+05:30,427.8,427.8,422.3,423.3,14024025
425,2021-07-27T00:00:00+05:30,424.15,433.25,424.0,429.95,24109104
426,2021-07-28T00:00:00+05:30,430.0,430.5,421.05,425.5,17615050
427,2021-07-29T00:00:00+05:30,426.0,443.6,425.5,441.55,35242759
428,2021-07-30T00:00:00+05:30,441.5,444.4,430.7,431.8,35196813
429,2021-08-02T00:00:00+05:30,434.75,436.7,431.8,434.9,16926025
430,2021-08-03T00:00:00+05:30,434.95,447.9,433.6,446.5,40922962
431,2021-08-04T00:00:00+05:30,448.65,467.45,441.5,456.95,129761158
432,2021-08-05T00:00:00+05:30,461.0,462.5,438.4,441.85,58595639
433,2021-08-06T00:00:00+05:30,443.7,447.0,434.0,435.65,38236066
434,2021-08-09T00:00:00+05:30,437.9,441.8,431.0,433.4,22196404
435,2021-08-10T00:00:00+05:30,434.4,436.4,421.7,426.45,27794251
436,2021-08-11T00:00:00+05:30,429.8,432.9,423.15,428.05,23827946
437,2021-08-12T00:00:00+05:30,430.0,430.45,425.0,427.15,16847144
438,2021-08-13T00:00:00+05:30,427.6,432.25,425.0,431.2,20908992
439,2021-08-16T00:00:00+05:30,430.0,434.0,424.0,424.85,17608693
440,2021-08-17T00:00:00+05:30,424.85,425.85,415.25,421.5,22957877
441,2021-08-18T00:00:00+05:30,422.15,424.35,418.0,419.7,17668574
442,2021-08-20T00:00:00+05:30,415.0,417.35,405.15,406.7,25541790
443,2021-08-23T00:00:00+05:30,411.1,413.0,401.25,409.5,26559937
444,2021-08-24T00:00:00+05:30,409.5,418.75,408.2,417.6,19012313
445,2021-08-25T00:00:00+05:30,419.0,421.3,414.3,416.25,16410980
446,2021-08-26T00:00:00+05:30,414.5,415.8,410.0,410.75,15897679
447,2021-08-27T00:00:00+05:30,410.35,414.35,407.5,412.45,15090541
448,2021-08-30T00:00:00+05:30,414.4,423.3,413.5,422.7,20308691
449,2021-08-31T00:00:00+05:30,423.85,427.0,418.7,426.05,26262421
450,2021-09-01T00:00:00+05:30,427.5,432.55,425.15,429.9,18776721
451,2021-09-02T00:00:00+05:30,431.4,433.5,427.75,429.75,14372717
452,2021-09-03T00:00:00+05:30,431.25,434.3,428.2,431.4,14233624
453,2021-09-06T00:00:00+05:30,432.0,433.85,430.05,431.05,10694099
454,2021-09-07T00:00:00+05:30,431.05,431.7,425.1,429.1,14928735
455,2021-09-08T00:00:00+05:30,429.0,435.4,427.35,431.35,22817464
456,2021-09-09T00:00:00+05:30,430.25,433.8,430.0,432.3,9662128
457,2021-09-13T00:00:00+05:30,430.1,433.8,428.8,432.85,9567921
458,2021-09-14T00:00:00+05:30,435.0,436.75,432.25,433.0,9981562
459,2021-09-15T00:00:00+05:30,433.0,445.0,431.45,443.85,22181568
460,2021-09-16T00:00:00+05:30,444.85,466.1,442.75,463.7,42637448
461,2021-09-17T00:00:00+05:30,468.0,471.9,450.35,454.1,41529478
462,2021-09-20T00:00:00+05:30,449.4,453.5,435.65,437.45,18376916
463,2021-09-21T00:00:00+05:30,440.15,441.35,432.65,438.8,17279588
464,2021-09-22T00:00:00+05:30,438.9,442.8,436.1,438.85,14321143
465,2021-09-23T00:00:00+05:30,442.4,451.15,442.05,449.8,20516770
466,2021-09-24T00:00:00+05:30,451.1,451.9,440.0,440.75,10731274
467,2021-09-27T00:00:00+05:30,444.9,450.55,442.25,446.6,11746892
468,2021-09-28T00:00:00+05:30,449.2,455.8,439.6,444.9,19241170
469,2021-09-29T00:00:00+05:30,441.85,462.3,439.1,460.0,38635938
470,2021-09-30T00:00:00+05:30,459.95,464.9,451.4,453.0,26530369
471,2021-10-01T00:00:00+05:30,448.5,455.55,443.8,451.65,14777309
472,2021-10-04T00:00:00+05:30,453.8,464.4,451.6,463.15,17924553
473,2021-10-05T00:00:00+05:30,462.0,469.0,458.7,464.7,16487568
474,2021-10-06T00:00:00+05:30,465.0,471.0,453.65,457.2,19056690
475,2021-10-07T00:00:00+05:30,462.1,464.0,457.1,457.9,9984651
476,2021-10-08T00:00:00+05:30,461.9,464.0,454.25,458.0,16521128
477,2021-10-11T00:00:00+05:30,460.0,474.95,458.65,469.25,20686981
478,2021-10-12T00:00:00+05:30,470.0,484.4,468.1,483.0,33763609
479,2021-10-13T00:00:00+05:30,486.15,486.15,478.0,481.7,17638983
480,2021-10-14T00:00:00+05:30,482.0,493.9,482.0,490.6,23431826
481,2021-10-18T00:00:00+05:30,494.0,501.0,491.7,497.95,20084248
482,2021-10-19T00:00:00+05:30,500.35,504.2,483.25,488.2,20645100
483,2021-10-20T00:00:00+05:30,488.8,507.5,483.1,499.9,34080545
484,2021-10-21T00:00:00+05:30,504.9,506.5,491.75,502.95,20808243
485,2021-10-22T00:00:00+05:30,504.6,508.7,500.0,502.95,24080485
486,2021-10-25T00:00:00+05:30,506.5,515.45,497.85,506.5,35619415
487,2021-10-26T00:00:00+05:30,507.6,518.2,507.6,512.55,21107457
488,2021-10-27T00:00:00+05:30,513.7,526.85,512.75,519.15,29463032
489,2021-10-28T00:00:00+05:30,519.6,520.55,497.6,501.35,28140401
490,2021-10-29T00:00:00+05:30,501.5,512.65,488.4,502.15,31355893
491,2021-11-01T00:00:00+05:30,508.5,516.95,501.0,515.7,20673784
492,2021-11-02T00:00:00+05:30,514.8,525.0,512.05,521.7,26791324
493,2021-11-03T00:00:00+05:30,524.0,542.3,515.2,527.65,80762631
494,2021-11-04T00:00:00+05:30,531.5,535.9,528.05,530.45,9796046
495,2021-11-08T00:00:00+05:30,534.45,534.45,516.45,523.25,36799028
496,2021-11-09T00:00:00+05:30,526.25,532.0,522.2,529.15,25450784
497,2021-11-10T00:00:00+05:30,525.55,528.5,521.5,524.4,15799831
498,2021-11-11T00:00:00+05:30,522.85,522.85,507.1,509.6,23086898
499,2021-11-12T00:00:00+05:30,512.0,513.0,502.7,511.35,19836221
500,2021-11-15T00:00:00+05:30,512.4,515.9,505.5,506.55,13325312
501,2021-11-16T00:00:00+05:30,507.4,507.4,493.5,495.1,19553216
502,2021-11-17T00:00:00+05:30,493.85,505.4,491.0,498.15,20488483
503,2021-11-18T00:00:00+05:30,499.1,506.2,492.3,503.8,22471070
504,2021-11-22T00:00:00+05:30,506.0,506.0,477.5,486.4,28800269
505,2021-11-23T00:00:00+05:30,485.25,495.4,480.0,493.05,20000371
506,2021-11-24T00:00:00+05:30,495.8,500.0,489.05,493.15,13963769
507,2021-11-25T00:00:00+05:30,490.0,495.45,486.3,490.55,12894211
508,2021-11-26T00:00:00+05:30,486.25,487.9,467.1,470.5,26305817
509,2021-11-29T00:00:00+05:30,470.0,477.75,454.3,465.1,22407465
510,2021-11-30T00:00:00+05:30,468.0,477.25,458.0,460.55,23026652
511,2021-12-01T00:00:00+05:30,464.45,477.25,464.0,475.3,17156956
512,2021-12-02T00:00:00+05:30,474.5,478.15,470.95,477.0,12962679
513,2021-12-03T00:00:00+05:30,475.75,481.5,470.05,473.15,16653993
514,2021-12-06T00:00:00+05:30,473.15,477.0,463.8,465.3,14353300
515,2021-12-07T00:00:00+05:30,469.2,479.7,469.2,476.7,13644942
516,2021-12-08T00:00:00+05:30,480.9,492.4,480.25,491.55,20397660
517,2021-12-09T00:00:00+05:30,492.3,493.5,486.1,488.65,12560970
518,2021-12-10T00:00:00+05:30,488.5,495.95,484.4,494.7,13261408
519,2021-12-13T00:00:00+05:30,497.75,500.45,486.35,487.8,14047645
520,2021-12-14T00:00:00+05:30,486.0,490.35,481.8,488.55,11642447
521,2021-12-15T00:00:00+05:30,490.0,491.0,483.5,484.8,8639835
522,2021-12-16T00:00:00+05:30,488.35,490.55,478.25,481.15,11107781
523,2021-12-17T00:00:00+05:30,480.05,481.4,466.5,467.8,12648603
524,2021-12-20T00:00:00+05:30,459.0,464.0,443.0,449.2,22336114
525,2021-12-21T00:00:00+05:30,457.05,458.25,444.5,446.0,16617447
526,2021-12-22T00:00:00+05:30,450.0,457.3,449.0,455.85,13102553
527,2021-12-23T00:00:00+05:30,461.0,465.0,457.75,461.8,14471377
528,2021-12-24T00:00:00+05:30,462.6,463.6,452.2,456.95,13221159
529,2021-12-27T00:00:00+05:30,453.7,460.5,450.55,458.05,8856482
530,2021-12-28T00:00:00+05:30,461.2,462.9,459.05,461.2,8832210
531,2021-12-29T00:00:00+05:30,461.0,462.15,451.4,454.4,11757303
532,2021-12-30T00:00:00+05:30,452.75,454.9,448.5,451.7,28879190
533,2021-12-31T00:00:00+05:30,454.25,461.4,453.1,460.45,10005842
534,2022-01-03T00:00:00+05:30,462.0,472.0,460.1,470.8,13123637
535,2022-01-04T00:00:00+05:30,472.5,484.7,471.05,483.5,23296671
536,2022-01-05T00:00:00+05:30,481.9,495.0,479.15,492.4,24694169
537,2022-01-06T00:00:00+05:30,487.7,494.4,485.4,491.7,18190843
538,2022-01-07T00:00:00+05:30,493.45,501.95,489.45,491.25,22746330
539,2022-01-10T00:00:00+05:30,493.35,504.95,492.5,503.65,15832274
540,2022-01-11T00:00:00+05:30,503.0,507.8,499.25,505.95,16107950
541,2022-01-12T00:00:00+05:30,509.9,513.5,508.5,510.25,14489616
542,2022-01-13T00:00:00+05:30,510.0,512.85,507.0,511.35,10450974
543,2022-01-14T00:00:00+05:30,509.0,510.35,505.15,508.35,8724574
544,2022-01-17T00:00:00+05:30,508.0,518.9,507.55,514.0,17422211
545,2022-01-18T00:00:00+05:30,514.0,517.45,505.0,506.8,12592506
546,2022-01-19T00:00:00+05:30,505.0,517.65,500.3,515.8,16079457
547,2022-01-20T00:00:00+05:30,516.0,519.15,508.0,511.4,17724642
548,2022-01-21T00:00:00+05:30,505.3,507.5,498.0,502.7,16947941
549,2022-01-24T00:00:00+05:30,502.4,506.8,488.0,494.15,20233933
550,2022-01-25T00:00:00+05:30,490.0,517.5,489.0,514.65,21791739
551,2022-01-27T00:00:00+05:30,503.55,530.85,503.2,528.95,35409230
552,2022-01-28T00:00:00+05:30,534.0,536.4,521.4,523.45,24715250
553,2022-01-31T00:00:00+05:30,529.0,540.9,527.05,538.3,28674232
554,2022-02-01T00:00:00+05:30,543.95,543.95,520.0,532.3,32245356
555,2022-02-02T00:00:00+05:30,536.65,544.25,531.35,539.8,21661864
556,2022-02-03T00:00:00+05:30,537.15,544.7,537.15,540.1,22717677
557,2022-02-04T00:00:00+05:30,542.15,546.4,527.3,530.3,25332894
558,2022-02-07T00:00:00+05:30,531.9,549.0,525.25,533.25,52289545
559,2022-02-08T00:00:00+05:30,535.5,537.65,519.0,531.35,26567546
560,2022-02-09T00:00:00+05:30,534.95,536.5,527.75,535.25,14856155
561,2022-02-10T00:00:00+05:30,537.1,543.95,534.4,540.55,18659370
562,2022-02-11T00:00:00+05:30,536.25,537.7,527.1,529.6,14607095
563,2022-02-14T00:00:00+05:30,515.0,515.6,499.7,501.4,26153332
564,2022-02-15T00:00:00+05:30,502.0,526.85,497.1,524.8,23842951
565,2022-02-16T00:00:00+05:30,526.5,528.0,514.0,516.7,19773807
566,2022-02-17T00:00:00+05:30,520.0,520.0,511.15,512.95,16408356
567,2022-02-18T00:00:00+05:30,510.1,520.9,510.1,515.3,15111223
568,2022-02-21T00:00:00+05:30,511.55,517.5,504.65,511.85,16866932
569,2022-02-22T00:00:00+05:30,500.9,505.3,495.5,498.4,27108772
570,2022-02-23T00:00:00+05:30,503.0,505.35,497.25,498.7,13899433
571,2022-02-24T00:00:00+05:30,480.0,487.95,468.0,472.65,32356037
572,2022-02-25T00:00:00+05:30,480.0,491.9,479.3,482.95,21792287
573,2022-02-28T00:00:00+05:30,476.9,485.3,473.1,483.2,18069367
574,2022-03-02T00:00:00+05:30,478.0,479.8,467.0,474.25,22003848
575,2022-03-03T00:00:00+05:30,480.0,483.4,464.6,467.4,20358590
576,2022-03-04T00:00:00+05:30,460.3,470.9,457.65,461.95,20684268
577,2022-03-07T00:00:00+05:30,447.5,453.95,433.45,440.3,33720472
578,2022-03-08T00:00:00+05:30,438.0,442.1,425.0,440.3,42510207
579,2022-03-09T00:00:00+05:30,442.0,454.3,438.55,451.7,32331325
580,2022-03-10T00:00:00+05:30,469.9,476.65,461.65,468.7,34553299
581,2022-03-11T00:00:00+05:30,466.4,474.8,462.0,470.35,22091309
582,2022-03-14T00:00:00+05:30,471.0,486.0,470.55,485.15,27750689
583,2022-03-15T00:00:00+05:30,489.0,490.5,480.65,485.85,27204899
584,2022-03-16T00:00:00+05:30,493.0,494.3,489.4,492.75,16211288
585,2022-03-17T00:00:00+05:30,499.0,503.5,498.3,501.9,23386361
586,2022-03-21T00:00:00+05:30,502.0,502.0,489.0,490.6,19064060
587,2022-03-22T00:00:00+05:30,490.6,495.8,477.25,493.7,26157969
588,2022-03-23T00:00:00+05:30,498.5,502.4,489.2,490.65,15800195
589,2022-03-24T00:00:00+05:30,485.0,494.8,483.5,487.1,18174877
590,2022-03-25T00:00:00+05:30,491.75,493.3,486.6,490.7,11541196
591,2022-03-28T00:00:00+05:30,490.95,498.6,481.95,497.5,16738684
592,2022-03-29T00:00:00+05:30,500.0,501.4,491.7,495.0,14301429
593,2022-03-30T00:00:00+05:30,499.3,500.4,492.3,494.3,16461225
594,2022-03-31T00:00:00+05:30,494.3,497.55,492.2,493.55,10240982
595,2022-04-01T00:00:00+05:30,491.0,509.75,491.0,508.2,18527226
596,2022-04-04T00:00:00+05:30,509.3,514.9,506.0,512.4,16257176
597,2022-04-05T00:00:00+05:30,514.4,516.4,507.7,509.4,13602384
598,2022-04-06T00:00:00+05:30,507.0,515.2,506.0,513.95,13738275
599,2022-04-07T00:00:00+05:30,510.05,519.9,510.05,514.95,19620958
600,2022-04-08T00:00:00+05:30,519.5,519.5,512.35,516.1,13572638
601,2022-04-11T00:00:00+05:30,513.5,522.0,513.2,514.9,12370288
602,2022-04-12T00:00:00+05:30,512.75,516.7,504.35,512.85,14460680
603,2022-04-13T00:00:00+05:30,514.3,520.9,513.75,517.7,15440525
604,2022-04-18T00:00:00+05:30,512.0,515.0,504.0,509.5,14492183
605,2022-04-19T00:00:00+05:30,513.25,520.95,505.1,511.8,20362934
606,2022-04-20T00:00:00+05:30,512.0,513.7,507.0,509.3,11881305
607,2022-04-21T00:00:00+05:30,513.4,518.0,512.2,516.3,10035638
608,2022-04-22T00:00:00+05:30,512.9,513.5,499.0,500.6,16760456
609,2022-04-25T00:00:00+05:30,495.0,499.2,490.05,494.75,14057444
610,2022-04-26T00:00:00+05:30,499.0,507.9,498.45,505.5,12137213
611,2022-04-27T00:00:00+05:30,500.0,502.8,491.85,497.25,12367342
612,2022-04-28T00:00:00+05:30,499.15,510.0,496.5,507.5,12154792
613,2022-04-29T00:00:00+05:30,508.1,512.5,494.0,496.3,12894773
614,2022-05-02T00:00:00+05:30,492.65,495.0,481.3,491.0,18590895
615,2022-05-04T00:00:00+05:30,492.0,496.45,477.5,479.65,14645323
616,2022-05-05T00:00:00+05:30,485.0,494.0,478.65,480.0,14130385
617,2022-05-06T00:00:00+05:30,471.0,486.1,471.0,483.95,16710020
618,2022-05-09T00:00:00+05:30,477.1,483.7,473.8,475.9,13544947
619,2022-05-10T00:00:00+05:30,477.0,482.55,473.5,475.2,10884328
620,2022-05-11T00:00:00+05:30,475.25,479.0,463.65,476.55,14771351
621,2022-05-12T00:00:00+05:30,473.0,473.0,456.35,462.65,18947096
622,2022-05-13T00:00:00+05:30,469.45,477.0,439.75,444.65,61403008
623,2022-05-16T00:00:00+05:30,445.0,461.5,438.85,455.0,27940958
624,2022-05-17T00:00:00+05:30,458.3,469.65,456.15,467.3,16880698
625,2022-05-18T00:00:00+05:30,467.9,468.6,457.1,458.0,15644497
626,2022-05-19T00:00:00+05:30,449.05,450.0,444.45,447.5,14201420
627,2022-05-20T00:00:00+05:30,454.85,464.0,454.15,462.4,13596860
628,2022-05-23T00:00:00+05:30,463.1,471.4,459.5,460.9,13499415
629,2022-05-24T00:00:00+05:30,462.4,466.8,460.2,462.05,17175179
630,2022-05-25T00:00:00+05:30,461.0,464.45,452.05,454.1,12728644
631,2022-05-26T00:00:00+05:30,456.85,470.1,452.5,468.9,17055257
632,2022-05-27T00:00:00+05:30,471.4,475.0,467.5,468.95,10977001
633,2022-05-30T00:00:00+05:30,473.0,476.9,471.1,474.6,9365470
634,2022-05-31T00:00:00+05:30,474.0,476.4,465.0,468.1,15441579
635,2022-06-01T00:00:00+05:30,468.0,472.0,464.7,468.3,9424008
636,2022-06-02T00:00:00+05:30,466.9,472.35,466.15,469.85,9370989
637,2022-06-03T00:00:00+05:30,473.25,475.5,463.5,464.5,11306291
638,2022-06-06T00:00:00+05:30,464.2,465.6,456.5,463.7,10661432
639,2022-06-07T00:00:00+05:30,461.85,465.95,460.5,463.4,7672515
640,2022-06-08T00:00:00+05:30,466.6,475.55,463.2,471.3,17168871
641,2022-06-09T00:00:00+05:30,468.95,470.9,462.45,466.95,12635601
642,2022-06-10T00:00:00+05:30,462.0,464.15,458.6,461.85,8621104
643,2022-06-13T00:00:00+05:30,454.0,454.05,442.1,445.85,13426836
644,2022-06-14T00:00:00+05:30,445.0,449.25,443.35,448.1,11351101
645,2022-06-15T00:00:00+05:30,448.95,455.45,448.6,451.35,9920926
646,2022-06-16T00:00:00+05:30,455.15,457.75,440.15,441.6,10780703
647,2022-06-17T00:00:00+05:30,440.0,447.55,437.25,441.0,14326050
648,2022-06-20T00:00:00+05:30,441.5,443.45,430.7,434.7,12368534
649,2022-06-21T00:00:00+05:30,439.5,454.95,437.6,450.75,13801891
650,2022-06-22T00:00:00+05:30,448.75,451.2,444.65,447.65,11066447
651,2022-06-23T00:00:00+05:30,449.0,456.45,446.0,451.4,12229833
652,2022-06-24T00:00:00+05:30,455.8,460.35,453.2,454.25,10833364
653,2022-06-27T00:00:00+05:30,459.95,464.85,458.05,461.2,9509175
654,2022-06-28T00:00:00+05:30,458.9,465.75,458.0,464.25,13261290
655,2022-06-29T00:00:00+05:30,460.0,462.7,458.0,459.1,11800876
656,2022-06-30T00:00:00+05:30,459.0,469.3,458.6,465.9,16926328
657,2022-07-01T00:00:00+05:30,463.35,468.8,460.55,466.85,9405495
658,2022-07-04T00:00:00+05:30,466.85,474.15,466.85,473.45,9186358
659,2022-07-05T00:00:00+05:30,475.15,480.0,471.0,472.15,12003244
660,2022-07-06T00:00:00+05:30,475.15,481.0,473.9,479.95,12059857
661,2022-07-07T00:00:00+05:30,484.0,488.25,481.6,486.75,11497832
662,2022-07-08T00:00:00+05:30,489.0,489.9,485.15,488.55,9057231
663,2022-07-11T00:00:00+05:30,485.0,491.3,485.0,488.2,7704792
664,2022-07-12T00:00:00+05:30,485.0,491.35,483.1,484.95,7364457
665,2022-07-13T00:00:00+05:30,487.75,492.45,484.55,486.5,8208853
666,2022-07-14T00:00:00+05:30,486.6,488.9,476.8,479.35,9385630
667,2022-07-15T00:00:00+05:30,482.55,484.4,474.7,479.1,6945602
668,2022-07-18T00:00:00+05:30,484.55,491.5,482.1,490.3,9934786
669,2022-07-19T00:00:00+05:30,488.0,498.55,488.0,497.95,11724183
670,2022-07-20T00:00:00+05:30,501.0,510.6,500.4,508.6,19280117
671,2022-07-21T00:00:00+05:30,509.8,513.4,506.75,512.05,13814893
672,2022-07-22T00:00:00+05:30,513.45,520.2,511.2,513.7,14699129
673,2022-07-25T00:00:00+05:30,513.4,519.0,509.15,517.8,10229058
674,2022-07-26T00:00:00+05:30,517.7,520.8,513.1,514.2,8861908
675,2022-07-27T00:00:00+05:30,515.3,529.95,512.25,528.2,15097751
676,2022-07-28T00:00:00+05:30,533.2,537.5,529.55,532.45,12159804
677,2022-07-29T00:00:00+05:30,535.05,537.0,526.75,528.35,11920561
678,2022-08-01T00:00:00+05:30,529.05,535.0,526.4,533.75,8294738
679,2022-08-02T00:00:00+05:30,531.9,544.9,531.1,542.1,16844836
680,2022-08-03T00:00:00+05:30,541.9,546.4,534.65,540.85,24259750
681,2022-08-04T00:00:00+05:30,543.65,544.0,524.2,533.25,18068698
682,2022-08-05T00:00:00+05:30,535.55,542.9,529.0,531.05,21110061
683,2022-08-08T00:00:00+05:30,524.0,524.0,513.85,520.4,32565395
684,2022-08-10T00:00:00+05:30,521.55,523.5,513.4,514.7,16902653
685,2022-08-11T00:00:00+05:30,520.0,526.0,517.2,524.75,13859165
686,2022-08-12T00:00:00+05:30,525.7,531.8,525.15,530.7,12153705
687,2022-08-16T00:00:00+05:30,533.3,533.85,525.0,525.95,10720385
688,2022-08-17T00:00:00+05:30,528.85,530.55,524.35,528.15,12053630
689,2022-08-18T00:00:00+05:30,526.85,534.8,526.2,532.35,9012303
690,2022-08-19T00:00:00+05:30,532.0,533.65,518.5,520.35,11086171
691,2022-08-22T00:00:00+05:30,519.0,519.9,510.0,511.3,9675726
692,2022-08-23T00:00:00+05:30,508.25,524.0,508.25,521.9,8597326
693,2022-08-24T00:00:00+05:30,519.0,523.0,512.3,519.3,11930060
694,2022-08-25T00:00:00+05:30,521.95,528.3,518.5,520.4,15472911
695,2022-08-26T00:00:00+05:30,523.8,529.5,522.2,523.8,12855064
696,2022-08-29T00:00:00+05:30,511.3,517.0,508.75,514.85,9420486
697,2022-08-30T00:00:00+05:30,518.2,532.5,517.95,531.25,14834754
698,2022-09-01T00:00:00+05:30,522.25,540.9,522.25,533.3,16666039
699,2022-09-02T00:00:00+05:30,537.0,537.85,531.25,536.7,10017486
700,2022-09-05T00:00:00+05:30,537.0,540.8,536.3,538.9,7818681
701,2022-09-06T00:00:00+05:30,538.0,542.7,534.1,537.8,8657225
702,2022-09-07T00:00:00+05:30,534.4,537.45,531.55,532.85,8444201
703,2022-09-08T00:00:00+05:30,536.0,546.3,535.5,544.65,12240001
704,2022-09-09T00:00:00+05:30,549.65,557.0,548.0,553.35,18587927
705,2022-09-12T00:00:00+05:30,554.9,558.6,551.25,554.9,9676800
706,2022-09-13T00:00:00+05:30,560.0,560.0,553.75,558.0,16706889
707,2022-09-14T00:00:00+05:30,550.0,574.85,549.25,571.75,21626978
708,2022-09-15T00:00:00+05:30,572.55,578.5,567.9,572.15,12749639
709,2022-09-16T00:00:00+05:30,569.1,574.0,560.3,561.8,14738144
710,2022-09-19T00:00:00+05:30,560.7,574.4,559.55,572.25,11193723
711,2022-09-20T00:00:00+05:30,577.95,577.95,572.85,574.05,8482932
712,2022-09-21T00:00:00+05:30,575.0,577.3,565.4,569.7,9392039
713,2022-09-22T00:00:00+05:30,566.75,574.0,562.0,567.3,11869062
714,2022-09-23T00:00:00+05:30,564.8,568.0,549.5,550.6,12562535
715,2022-09-26T00:00:00+05:30,545.8,549.0,533.0,543.3,16158284
716,2022-09-27T00:00:00+05:30,544.55,550.9,533.2,536.5,11066138
717,2022-09-28T00:00:00+05:30,532.9,539.8,520.35,524.85,12233158
718,2022-09-29T00:00:00+05:30,529.0,535.7,519.55,521.75,17309882
719,2022-09-30T00:00:00+05:30,524.0,536.9,516.15,530.6,17466874
720,2022-10-03T00:00:00+05:30,527.6,531.65,518.5,519.75,9350216
721,2022-10-04T00:00:00+05:30,533.0,535.8,527.8,532.7,8745145
722,2022-10-06T00:00:00+05:30,534.6,541.8,534.6,537.3,9506405
723,2022-10-07T00:00:00+05:30,535.5,535.6,526.55,530.2,11064317
724,2022-10-10T00:00:00+05:30,525.7,533.9,522.2,530.75,9649089
725,2022-10-11T00:00:00+05:30,530.75,533.7,525.5,527.4,10825079
726,2022-10-12T00:00:00+05:30,530.0,535.0,526.0,533.8,8522306
727,2022-10-13T00:00:00+05:30,533.0,533.8,520.2,521.45,12972023
728,2022-10-14T00:00:00+05:30,530.2,534.85,526.0,527.2,8545211
729,2022-10-17T00:00:00+05:30,526.4,544.7,524.2,543.65,13483966
730,2022-10-18T00:00:00+05:30,547.1,563.5,546.75,562.45,20439070
731,2022-10-19T00:00:00+05:30,563.0,563.45,551.55,553.4,9539689
732,2022-10-20T00:00:00+05:30,552.0,556.8,545.3,555.4,11224909
733,2022-10-21T00:00:00+05:30,557.25,565.8,557.25,560.85,11766246
734,2022-10-24T00:00:00+05:30,567.0,572.5,565.9,570.5,3689507
735,2022-10-25T00:00:00+05:30,572.5,586.2,568.0,578.55,19898101
736,2022-10-27T00:00:00+05:30,583.95,585.0,577.6,579.65,13612672
737,2022-10-28T00:00:00+05:30,579.95,582.65,567.0,570.75,10043276
738,2022-10-31T00:00:00+05:30,574.95,577.45,568.4,573.8,9894583
739,2022-11-01T00:00:00+05:30,576.35,585.75,574.6,576.9,12069329
740,2022-11-02T00:00:00+05:30,575.9,578.95,569.9,573.85,10240712
741,2022-11-03T00:00:00+05:30,569.0,587.95,568.0,584.9,17557324
742,2022-11-04T00:00:00+05:30,586.0,596.95,580.4,593.95,25755722
743,2022-11-07T00:00:00+05:30,613.0,622.7,607.7,614.15,44262611
744,2022-11-09T00:00:00+05:30,621.0,621.0,610.55,615.55,18939067
745,2022-11-10T00:00:00+05:30,613.1,615.1,602.2,605.75,11616408
746,2022-11-11T00:00:00+05:30,617.25,619.55,598.5,601.3,15523890
747,2022-11-14T00:00:00+05:30,603.95,603.95,591.65,592.55,12953200
748,2022-11-15T00:00:00+05:30,594.3,602.1,592.65,600.85,10285761
749,2022-11-16T00:00:00+05:30,599.95,603.5,596.0,599.75,11555367
750,2022-11-17T00:00:00+05:30,599.1,602.75,596.15,599.05,8163740
751,2022-11-18T00:00:00+05:30,601.0,605.75,597.15,602.7,12933043
752,2022-11-21T00:00:00+05:30,602.1,602.1,595.35,598.1,7412081
753,2022-11-22T00:00:00+05:30,598.15,600.7,596.15,599.1,8047954
754,2022-11-23T00:00:00+05:30,601.55,609.6,601.0,607.65,12435409
755,2022-11-24T00:00:00+05:30,609.75,611.3,605.8,609.35,8958426
756,2022-11-25T00:00:00+05:30,610.55,613.7,606.25,607.4,9994105
757,2022-11-28T00:00:00+05:30,605.6,610.9,602.35,608.6,7934274
758,2022-11-29T00:00:00+05:30,607.1,611.8,607.1,608.55,6941434
759,2022-11-30T00:00:00+05:30,608.5,611.4,598.4,602.45,15606230
760,2022-12-01T00:00:00+05:30,607.85,609.8,601.55,608.1,14208411
761,2022-12-02T00:00:00+05:30,607.5,609.6,604.25,607.55,7533271
762,2022-12-05T00:00:00+05:30,608.5,618.0,607.55,617.3,11583559
763,2022-12-06T00:00:00+05:30,614.75,619.8,607.8,608.95,12996244
764,2022-12-07T00:00:00+05:30,610.85,612.9,604.5,607.05,7612141
765,2022-12-08T00:00:00+05:30,609.75,613.8,607.15,611.65,10019407
766,2022-12-09T00:00:00+05:30,614.4,618.0,609.1,616.5,11201843
767,2022-12-12T00:00:00+05:30,614.8,618.7,611.0,613.05,9284605
768,2022-12-13T00:00:00+05:30,613.5,617.4,612.5,616.75,7454974
769,2022-12-14T00:00:00+05:30,618.5,626.75,617.5,625.5,14010673
770,2022-12-15T00:00:00+05:30,625.55,629.55,614.3,615.95,10621321
771,2022-12-16T00:00:00+05:30,612.0,615.6,602.1,603.35,9433710
772,2022-12-19T00:00:00+05:30,604.0,609.5,603.0,604.45,8321992
773,2022-12-20T00:00:00+05:30,603.0,606.5,599.55,604.45,6753522
774,2022-12-21T00:00:00+05:30,605.9,609.15,589.6,593.4,9216087
775,2022-12-22T00:00:00+05:30,596.05,599.0,587.55,593.4,8739896
776,2022-12-23T00:00:00+05:30,590.0,590.7,571.5,574.0,13045428
777,2022-12-26T00:00:00+05:30,574.0,601.7,570.7,597.1,13200506
778,2022-12-27T00:00:00+05:30,600.4,603.1,593.3,601.9,9637629
779,2022-12-28T00:00:00+05:30,600.9,607.0,598.55,601.05,7988631
780,2022-12-29T00:00:00+05:30,600.0,618.0,597.15,611.8,20130392
781,2022-12-30T00:00:00+05:30,615.25,620.55,611.35,613.7,13052895
782,2023-01-02T00:00:00+05:30,614.95,619.2,611.2,612.2,6726084
783,2023-01-03T00:00:00+05:30,614.5,616.6,610.0,612.4,6818062
784,2023-01-04T00:00:00+05:30,611.85,614.95,604.0,605.2,7011191
785,2023-01-05T00:00:00+05:30,607.0,611.6,601.95,605.1,8241475
786,2023-01-06T00:00:00+05:30,607.4,607.45,597.0,600.65,7972036
787,2023-01-09T00:00:00+05:30,605.0,609.0,600.1,607.7,8878905
788,2023-01-10T00:00:00+05:30,608.45,609.0,590.6,595.15,10622660
789,2023-01-11T00:00:00+05:30,596.45,599.5,592.25,596.7,7419630
790,2023-01-12T00:00:00+05:30,597.9,597.9,590.1,594.9,8183715
791,2023-01-13T00:00:00+05:30,597.9,602.9,593.65,600.1,7877610
792,2023-01-16T00:00:00+05:30,603.0,606.1,600.6,603.0,5483191
793,2023-01-17T00:00:00+05:30,603.0,606.0,586.05,592.95,13461999
794,2023-01-18T00:00:00+05:30,595.9,597.15,587.6,591.45,11538075
795,2023-01-19T00:00:00+05:30,591.0,591.75,587.55,589.85,7475688
796,2023-01-20T00:00:00+05:30,593.8,596.6,590.8,592.2,6750607
797,2023-01-23T00:00:00+05:30,598.5,601.75,592.95,600.45,6604469
798,2023-01-24T00:00:00+05:30,603.5,604.6,593.05,594.35,7609623
799,2023-01-25T00:00:00+05:30,595.85,595.85,567.4,568.7,25686294
800,2023-01-27T00:00:00+05:30,568.0,568.55,532.25,539.95,40163464
801,2023-01-30T00:00:00+05:30,536.0,554.35,525.2,538.2,40797825
802,2023-01-31T00:00:00+05:30,545.0,557.0,537.85,553.5,21911943
803,2023-02-01T00:00:00+05:30,561.4,565.0,499.35,527.35,38218810
804,2023-02-02T00:00:00+05:30,520.2,532.65,502.5,528.1,39287056
805,2023-02-03T00:00:00+05:30,536.0,545.95,519.15,544.2,32317232
806,2023-02-06T00:00:00+05:30,552.1,554.2,536.55,545.4,25330248
807,2023-02-07T00:00:00+05:30,548.0,551.4,541.05,547.1,16195947
808,2023-02-08T00:00:00+05:30,550.0,554.5,545.5,549.75,15502847
809,2023-02-09T00:00:00+05:30,552.0,552.0,542.8,550.8,15061047
810,2023-02-10T00:00:00+05:30,546.5,557.25,546.5,553.05,13824475
811,2023-02-13T00:00:00+05:30,554.0,556.9,533.3,537.5,18488732
812,2023-02-14T00:00:00+05:30,539.95,544.6,530.75,540.85,18559909
813,2023-02-15T00:00:00+05:30,540.0,544.65,536.8,542.25,12796579
814,2023-02-16T00:00:00+05:30,546.85,546.85,538.5,540.1,12767016
815,2023-02-17T00:00:00+05:30,538.5,539.65,527.75,531.0,14192008
816,2023-02-20T00:00:00+05:30,532.0,533.95,522.15,525.15,12570032
817,2023-02-21T00:00:00+05:30,527.1,528.95,522.4,523.45,10223218
818,2023-02-22T00:00:00+05:30,520.75,523.45,512.5,516.35,14763050
819,2023-02-23T00:00:00+05:30,516.95,524.0,511.35,521.0,15535085
820,2023-02-24T00:00:00+05:30,524.2,527.5,517.6,521.05,12253035
821,2023-02-27T00:00:00+05:30,521.1,529.8,519.0,527.7,11048799
822,2023-02-28T00:00:00+05:30,527.25,528.45,521.05,522.8,15768010
823,2023-03-01T00:00:00+05:30,523.25,537.4,523.1,536.7,13510198
824,2023-03-02T00:00:00+05:30,535.95,539.9,532.5,533.75,10376913
825,2023-03-03T00:00:00+05:30,542.0,564.3,541.75,561.2,27655782
826,2023-03-06T00:00:00+05:30,564.9,567.9,559.0,561.8,16159558
827,2023-03-08T00:00:00+05:30,560.0,565.5,556.45,564.8,12635550
828,2023-03-09T00:00:00+05:30,564.75,565.75,558.0,558.9,8993315
829,2023-03-10T00:00:00+05:30,553.1,554.95,545.0,547.35,11522331
830,2023-03-13T00:00:00+05:30,547.0,553.15,528.45,530.0,14373107
831,2023-03-14T00:00:00+05:30,527.65,532.8,520.0,525.4,14750567
832,2023-03-15T00:00:00+05:30,529.8,532.0,515.55,517.55,11281923
833,2023-03-16T00:00:00+05:30,518.4,529.35,514.3,524.5,20039885
834,2023-03-17T00:00:00+05:30,528.65,531.6,520.1,529.8,18786834
835,2023-03-20T00:00:00+05:30,526.6,526.6,515.0,519.2,14272872
836,2023-03-21T00:00:00+05:30,522.0,523.45,516.45,521.85,29484130
837,2023-03-22T00:00:00+05:30,522.2,527.0,520.1,521.55,11618300
838,2023-03-23T00:00:00+05:30,519.4,521.0,511.5,512.75,22095801
839,2023-03-24T00:00:00+05:30,514.5,514.95,503.45,505.35,14414513
840,2023-03-27T00:00:00+05:30,507.0,514.15,501.55,510.15,15672015
841,2023-03-28T00:00:00+05:30,511.45,511.75,503.85,508.1,15833233
842,2023-03-29T00:00:00+05:30,509.0,518.0,506.3,516.5,24186741
843,2023-03-31T00:00:00+05:30,520.65,524.9,519.35,523.0,17353339
844,2023-04-03T00:00:00+05:30,524.75,528.5,522.1,526.75,14208133
845,2023-04-05T00:00:00+05:30,527.0,527.6,519.05,523.0,13574018
846,2023-04-06T00:00:00+05:30,524.0,533.7,521.65,527.65,25119881
847,2023-04-10T00:00:00+05:30,529.25,530.4,524.4,526.3,17332192
848,2023-04-11T00:00:00+05:30,530.85,535.7,527.15,532.1,26412164
849,2023-04-12T00:00:00+05:30,533.2,534.0,526.0,528.2,21290832
850,2023-04-13T00:00:00+05:30,529.3,534.25,527.15,532.95,28597066
851,2023-04-17T00:00:00+05:30,528.0,545.0,528.0,544.2,32469451
852,2023-04-18T00:00:00+05:30,545.35,548.5,540.5,545.85,22280880
853,2023-04-19T00:00:00+05:30,544.0,547.5,538.25,540.3,21155407
854,2023-04-20T00:00:00+05:30,541.2,545.45,536.65,544.8,25586854
855,2023-04-21T00:00:00+05:30,545.0,546.4,539.7,543.15,22598701
856,2023-04-24T00:00:00+05:30,543.8,555.55,543.5,554.6,23335611
857,2023-04-25T00:00:00+05:30,555.05,567.9,555.0,561.8,38141858
858,2023-04-26T00:00:00+05:30,562.0,567.0,556.45,566.35,23143882
859,2023-04-27T00:00:00+05:30,565.0,567.4,561.1,564.75,17845169
860,2023-04-28T00:00:00+05:30,567.8,580.45,565.5,578.3,16183423
861,2023-05-02T00:00:00+05:30,580.0,580.85,573.15,575.3,13667511
862,2023-05-03T00:00:00+05:30,570.65,575.0,569.0,570.5,9699527
863,2023-05-04T00:00:00+05:30,570.2,580.8,568.5,580.0,12533761
864,2023-05-05T00:00:00+05:30,580.2,588.25,575.05,576.5,18163461
865,2023-05-08T00:00:00+05:30,577.65,587.6,577.35,583.6,12990869
866,2023-05-09T00:00:00+05:30,585.0,586.45,572.1,573.5,18958069
867,2023-05-10T00:00:00+05:30,575.0,575.0,563.25,572.2,18559130
868,2023-05-11T00:00:00+05:30,572.2,580.0,572.0,573.45,16015716
869,2023-05-12T00:00:00+05:30,574.7,580.75,571.55,578.15,11319335
870,2023-05-15T00:00:00+05:30,578.75,584.0,574.65,581.9,11410243
871,2023-05-16T00:00:00+05:30,584.0,590.4,582.0,586.3,22178229
872,2023-05-17T00:00:00+05:30,586.0,590.5,579.5,586.3,23739774
873,2023-05-18T00:00:00+05:30,590.3,593.9,571.4,574.2,45656620
874,2023-05-19T00:00:00+05:30,579.0,586.25,569.9,575.15,42291523
875,2023-05-22T00:00:00+05:30,577.5,580.3,573.45,577.15,21484049
876,2023-05-23T00:00:00+05:30,578.9,583.7,576.8,581.6,16118783
877,2023-05-24T00:00:00+05:30,579.8,585.25,578.25,582.7,17616658
878,2023-05-25T00:00:00+05:30,582.0,582.9,577.0,581.25,16479436
879,2023-05-26T00:00:00+05:30,581.25,587.75,580.55,586.0,9786616
880,2023-05-29T00:00:00+05:30,590.55,596.4,588.05,595.0,18431671
881,2023-05-30T00:00:00+05:30,595.0,595.5,591.5,592.8,15031640
882,2023-05-31T00:00:00+05:30,583.8,584.8,577.5,579.85,28797643
883,2023-06-01T00:00:00+05:30,581.8,586.4,581.0,582.75,17820226
884,2023-06-02T00:00:00+05:30,584.7,588.9,583.0,587.2,11323393
885,2023-06-05T00:00:00+05:30,588.5,589.8,586.0,587.2,12920507
886,2023-06-06T00:00:00+05:30,588.0,588.9,583.0,585.35,11199940
887,2023-06-07T00:00:00+05:30,588.0,590.6,586.0,589.2,11113781
888,2023-06-08T00:00:00+05:30,589.95,593.95,586.35,588.5,15971197
889,2023-06-09T00:00:00+05:30,588.0,589.1,576.75,578.7,18870272
890,2023-06-12T00:00:00+05:30,580.0,581.5,577.7,578.65,8786066
891,2023-06-13T00:00:00+05:30,579.45,581.4,574.25,576.4,12612098
892,2023-06-14T00:00:00+05:30,577.0,578.55,575.25,576.55,8948331
893,2023-06-15T00:00:00+05:30,576.0,576.7,565.25,566.5,17934877
894,2023-06-16T00:00:00+05:30,568.75,574.6,567.2,570.0,12619560
895,2023-06-19T00:00:00+05:30,571.25,572.45,565.95,569.2,17860540
896,2023-06-20T00:00:00+05:30,568.85,569.35,562.6,568.0,14511079
897,2023-06-21T00:00:00+05:30,567.4,569.45,565.7,566.4,14915062
898,2023-06-22T00:00:00+05:30,566.35,569.0,561.15,562.9,14944875
899,2023-06-23T00:00:00+05:30,562.0,562.0,553.8,555.05,12176745
900,2023-06-26T00:00:00+05:30,556.0,558.45,554.6,557.3,8339501
901,2023-06-27T00:00:00+05:30,558.25,567.95,555.65,567.3,10673810
902,2023-06-28T00:00:00+05:30,572.25,574.0,568.6,570.55,17899840
903,2023-06-30T00:00:00+05:30,574.0,574.0,570.3,572.35,8637478
904,2023-07-03T00:00:00+05:30,574.5,586.3,574.5,585.45,15371177
905,2023-07-04T00:00:00+05:30,588.2,595.95,582.3,588.85,24671820
906,2023-07-05T00:00:00+05:30,589.8,593.65,588.2,591.0,13565267
907,2023-07-06T00:00:00+05:30,590.4,593.5,589.1,592.25,11253265
908,2023-07-07T00:00:00+05:30,590.0,595.5,585.5,592.65,11631813
909,2023-07-10T00:00:00+05:30,594.65,599.8,590.25,591.75,11377616
910,2023-07-11T00:00:00+05:30,595.0,595.9,587.35,589.25,13161913
911,2023-07-12T00:00:00+05:30,589.0,594.5,588.25,589.6,15991612
912,2023-07-13T00:00:00+05:30,594.9,598.0,583.55,586.0,19875046
913,2023-07-14T00:00:00+05:30,586.75,591.3,580.7,584.85,12150969
914,2023-07-17T00:00:00+05:30,587.0,602.75,584.2,602.0,19343633
915,2023-07-18T00:00:00+05:30,603.05,603.95,588.8,592.5,25693378
916,2023-07-19T00:00:00+05:30,594.65,602.35,592.1,600.75,17518496
917,2023-07-20T00:00:00+05:30,601.4,610.6,599.15,610.0,33987277
918,2023-07-21T00:00:00+05:30,610.0,619.5,609.35,615.5,20886756
919,2023-07-24T00:00:00+05:30,615.05,621.85,615.05,617.9,11700169
920,2023-07-25T00:00:00+05:30,621.8,621.8,604.25,609.6,18448299
921,2023-07-26T00:00:00+05:30,612.0,616.3,609.25,614.85,9966931
922,2023-07-27T00:00:00+05:30,616.4,621.15,613.1,617.0,17402289
923,2023-07-28T00:00:00+05:30,616.4,619.9,613.8,616.0,11885700
924,2023-07-31T00:00:00+05:30,616.65,621.0,614.75,619.0,8587565
925,2023-08-01T00:00:00+05:30,620.2,620.8,610.65,612.35,13459748
926,2023-08-02T00:00:00+05:30,609.85,610.5,594.1,598.9,14923042
927,2023-08-03T00:00:00+05:30,598.7,600.85,585.05,591.4,27735692
928,2023-08-04T00:00:00+05:30,594.8,598.7,571.5,573.2,52380067
929,2023-08-07T00:00:00+05:30,577.0,577.0,566.65,568.05,32378833
930,2023-08-08T00:00:00+05:30,571.0,574.25,568.55,573.7,24927801
931,2023-08-09T00:00:00+05:30,575.0,575.0,568.45,573.65,15712423
932,2023-08-10T00:00:00+05:30,573.75,577.6,570.2,574.0,27268933
933,2023-08-11T00:00:00+05:30,575.45,578.9,572.0,574.5,18157503
934,2023-08-14T00:00:00+05:30,572.95,572.95,558.65,561.0,28017182
935,2023-08-16T00:00:00+05:30,558.8,566.3,554.4,565.3,15604971
936,2023-08-17T00:00:00+05:30,565.75,573.15,564.85,571.25,27844708
937,2023-08-18T00:00:00+05:30,570.0,575.2,567.8,571.15,18151246
938,2023-08-21T00:00:00+05:30,572.95,575.1,570.85,571.3,9341041
939,2023-08-22T00:00:00+05:30,572.5,574.45,567.55,568.2,14032770
940,2023-08-23T00:00:00+05:30,571.0,577.95,566.0,576.3,18473566
941,2023-08-24T00:00:00+05:30,578.15,582.0,575.6,576.9,24068682
942,2023-08-25T00:00:00+05:30,573.8,575.25,567.2,569.7,12215190
943,2023-08-28T00:00:00+05:30,572.8,574.6,569.2,573.15,9688862
944,2023-08-29T00:00:00+05:30,573.65,576.3,571.9,575.25,13114835
945,2023-08-30T00:00:00+05:30,576.7,577.6,566.35,567.5,15255797
946,2023-08-31T00:00:00+05:30,569.3,570.25,559.55,562.15,27844406
947,2023-09-01T00:00:00+05:30,562.7,571.2,562.1,569.55,18121168
948,2023-09-04T00:00:00+05:30,572.0,576.35,568.45,575.55,12108655
949,2023-09-05T00:00:00+05:30,575.6,578.25,571.35,573.0,14444729
950,2023-09-06T00:00:00+05:30,574.25,574.25,568.0,570.5,20609936
951,2023-09-07T00:00:00+05:30,568.0,581.0,568.0,579.05,12390597
952,2023-09-08T00:00:00+05:30,581.0,588.5,579.7,583.45,14032068
953,2023-09-11T00:00:00+05:30,587.0,592.3,585.35,591.7,10946134
954,2023-09-12T00:00:00+05:30,593.65,594.25,584.65,588.35,16093060
955,2023-09-13T00:00:00+05:30,588.4,598.0,583.45,596.45,19377172
956,2023-09-14T00:00:00+05:30,598.45,603.7,595.2,597.3,13178911
957,2023-09-15T00:00:00+05:30,599.35,600.7,595.2,598.8,11756389
958,2023-09-18T00:00:00+05:30,598.8,608.4,597.05,603.95,19305055
959,2023-09-20T00:00:00+05:30,600.85,606.8,599.4,601.1,21314600
960,2023-09-21T00:00:00+05:30,600.0,606.6,584.65,588.15,23453425
961,2023-09-22T00:00:00+05:30,593.5,602.0,591.4,598.15,18784139
962,2023-09-25T00:00:00+05:30,601.5,601.5,590.45,594.05,9712784
963,2023-09-26T00:00:00+05:30,594.0,595.0,591.25,594.4,8327427
964,2023-09-27T00:00:00+05:30,593.45,594.3,588.2,589.75,9865347
965,2023-09-28T00:00:00+05:30,591.25,595.2,588.85,589.95,21960816
966,2023-09-29T00:00:00+05:30,592.85,600.0,591.3,598.55,12189735
967,2023-10-03T00:00:00+05:30,596.6,604.9,589.6,602.95,15322196
968,2023-10-04T00:00:00+05:30,600.0,600.45,584.45,586.25,24914612
969,2023-10-05T00:00:00+05:30,590.0,594.35,587.1,592.15,13248028
970,2023-10-06T00:00:00+05:30,593.4,598.95,592.2,594.25,8216780
971,2023-10-09T00:00:00+05:30,588.0,589.0,581.55,585.1,9189597
972,2023-10-10T00:00:00+05:30,587.0,595.0,585.75,591.65,10373508
973,2023-10-11T00:00:00+05:30,596.9,597.0,587.6,588.35,14220119
974,2023-10-12T00:00:00+05:30,590.8,593.0,585.0,586.05,11983797
975,2023-10-13T00:00:00+05:30,577.75,581.3,574.8,576.15,19064577
976,2023-10-16T00:00:00+05:30,576.0,578.75,571.5,575.65,11290293
977,2023-10-17T00:00:00+05:30,577.7,579.95,575.3,576.45,10765224
978,2023-10-18T00:00:00+05:30,577.75,579.25,569.35,572.65,11777454
979,2023-10-19T00:00:00+05:30,569.8,574.0,567.0,571.2,11441499
980,2023-10-20T00:00:00+05:30,569.9,570.0,562.1,563.1,11110988
981,2023-10-23T00:00:00+05:30,563.1,566.0,551.0,552.95,11875035
982,2023-10-25T00:00:00+05:30,558.6,560.8,553.6,556.2,12134624
983,2023-10-26T00:00:00+05:30,551.45,552.9,543.2,547.0,19424825
984,2023-10-27T00:00:00+05:30,550.0,562.5,550.0,561.15,10415296
985,2023-10-30T00:00:00+05:30,563.0,566.7,556.5,565.2,8593704
986,2023-10-31T00:00:00+05:30,567.0,569.5,563.15,565.55,13039696
987,2023-11-01T00:00:00+05:30,566.25,569.65,563.85,566.4,13575575
988,2023-11-02T00:00:00+05:30,571.1,575.45,567.6,572.1,11148516
989,2023-11-03T00:00:00+05:30,576.0,579.5,573.45,578.15,11371371
990,2023-11-06T00:00:00+05:30,582.0,582.5,573.25,574.35,16499138
991,2023-11-07T00:00:00+05:30,574.8,581.2,572.6,579.75,17923281
992,2023-11-08T00:00:00+05:30,581.9,582.6,579.0,580.3,15434808
993,2023-11-09T00:00:00+05:30,581.0,581.85,576.5,578.35,12434363
994,2023-11-10T00:00:00+05:30,577.8,581.0,575.4,579.5,6773038
995,2023-11-12T00:00:00+05:30,584.75,584.75,580.1,581.3,1947722
996,2023-11-13T00:00:00+05:30,581.0,582.5,575.2,581.35,11282362
997,2023-11-15T00:00:00+05:30,587.25,588.0,582.6,584.7,11397676
998,2023-11-16T00:00:00+05:30,584.7,588.0,582.9,584.65,8622660
999,2023-11-17T00:00:00+05:30,574.5,574.5,562.1,563.05,37173221
1000,2023-11-20T00:00:00+05:30,564.0,566.8,560.6,563.75,12714585
1001,2023-11-21T00:00:00+05:30,566.0,566.65,561.0,561.5,14280013
1002,2023-11-22T00:00:00+05:30,562.95,564.5,555.15,558.95,14909071
1003,2023-11-23T00:00:00+05:30,561.75,563.5,558.3,559.95,6376210
1004,2023-11-24T00:00:00+05:30,561.95,562.45,559.25,560.35,6529851
1005,2023-11-28T00:00:00+05:30,563.6,565.2,561.1,564.45,8153314
1006,2023-11-29T00:00:00+05:30,568.0,569.0,565.1,568.6,10299034
1007,2023-11-30T00:00:00+05:30,569.75,570.2,563.65,564.75,19758998
1008,2023-12-01T00:00:00+05:30,567.0,574.2,566.55,571.75,10614230
1009,2023-12-04T00:00:00+05:30,588.0,596.0,584.55,594.7,26077882
1010,2023-12-05T00:00:00+05:30,595.05,611.3,595.05,608.25,36430152
1011,2023-12-06T00:00:00+05:30,614.0,614.0,604.55,608.45,21439069
1012,2023-12-07T00:00:00+05:30,610.0,612.55,605.0,611.7,10725706
1013,2023-12-08T00:00:00+05:30,610.0,616.8,605.35,614.15,17722136
1014,2023-12-11T00:00:00+05:30,615.0,619.9,613.1,614.25,11706255
1015,2023-12-12T00:00:00+05:30,617.0,617.95,610.8,612.4,14494836
1016,2023-12-13T00:00:00+05:30,614.45,620.5,611.65,619.85,13977914
1017,2023-12-14T00:00:00+05:30,626.0,627.75,622.4,623.65,15813797
1018,2023-12-15T00:00:00+05:30,628.0,650.0,619.85,648.25,29813572
1019,2023-12-18T00:00:00+05:30,646.65,655.65,642.4,648.5,16221796
1020,2023-12-19T00:00:00+05:30,648.5,659.6,640.25,655.4,19964008
1021,2023-12-20T00:00:00+05:30,658.7,660.4,633.95,636.45,22542056
1022,2023-12-21T00:00:00+05:30,632.15,648.95,627.5,643.75,19915516
1023,2023-12-22T00:00:00+05:30,644.75,649.4,635.15,636.75,14998068
1024,2023-12-26T00:00:00+05:30,638.85,641.3,635.65,638.05,10153089
1025,2023-12-27T00:00:00+05:30,640.75,649.45,639.0,648.55,14417646
1026,2023-12-28T00:00:00+05:30,650.25,653.3,646.5,651.4,16982092
1027,2023-12-29T00:00:00+05:30,645.5,649.6,639.55,642.05,13221898
1028,2024-01-01T00:00:00+05:30,642.2,646.9,638.0,641.35,8295548
1029,2024-01-02T00:00:00+05:30,641.35,648.0,633.85,639.45,15164482
1030,2024-01-03T00:00:00+05:30,639.35,648.0,635.8,643.45,14571772
1031,2024-01-04T00:00:00+05:30,642.5,646.4,638.65,642.75,13883388
1032,2024-01-05T00:00:00+05:30,645.0,651.75,637.75,641.95,15984585
1033,2024-01-08T00:00:00+05:30,640.0,645.0,625.05,627.0,14739531
1034,2024-01-09T00:00:00+05:30,632.0,634.35,624.5,625.4,13400235
1035,2024-01-10T00:00:00+05:30,624.8,625.3,618.2,621.75,12742464
1036,2024-01-11T00:00:00+05:30,626.0,627.15,618.5,620.2,15533860
1037,2024-01-12T00:00:00+05:30,623.8,636.5,621.1,633.6,16620797
1038,2024-01-15T00:00:00+05:30,638.9,645.5,636.1,640.1,16844018
1039,2024-01-16T00:00:00+05:30,640.0,644.9,633.45,636.9,15025543
1040,2024-01-17T00:00:00+05:30,624.0,636.8,623.0,626.0,30016308
1041,2024-01-18T00:00:00+05:30,625.8,633.45,619.05,628.3,14695436
1042,2024-01-19T00:00:00+05:30,633.0,635.5,624.7,627.75,11675202
1043,2024-01-20T00:00:00+05:30,629.0,633.8,624.1,631.4,9886760
1044,2024-01-23T00:00:00+05:30,627.0,634.9,600.65,605.1,30954343
1045,2024-01-24T00:00:00+05:30,609.95,622.35,603.1,618.3,19221835
1046,2024-01-25T00:00:00+05:30,618.5,623.8,606.25,612.75,22684904
1047,2024-01-29T00:00:00+05:30,619.0,629.5,615.6,622.95,19572140
1048,2024-01-30T00:00:00+05:30,625.45,633.5,624.2,626.75,16966577
1049,2024-01-31T00:00:00+05:30,626.4,643.2,622.0,640.5,23270745
1050,2024-02-01T00:00:00+05:30,642.75,652.95,633.25,647.65,26587707
1051,2024-02-02T00:00:00+05:30,652.0,660.55,646.7,649.65,27471811
1052,2024-02-05T00:00:00+05:30,647.1,654.8,638.75,642.95,28339525
1053,2024-02-06T00:00:00+05:30,644.45,655.0,637.7,650.25,14079390
1054,2024-02-07T00:00:00+05:30,655.05,677.95,655.0,675.25,41696232
1055,2024-02-08T00:00:00+05:30,680.4,718.9,678.5,699.55,74222434
1056,2024-02-09T00:00:00+05:30,703.65,728.35,694.2,725.25,43235061
1057,2024-02-12T00:00:00+05:30,726.0,726.0,704.5,707.9,22873137
1058,2024-02-13T00:00:00+05:30,708.55,718.0,702.15,713.45,23351472
1059,2024-02-14T00:00:00+05:30,705.55,748.5,705.55,743.4,36782182
1060,2024-02-15T00:00:00+05:30,747.7,764.0,741.65,761.7,33941282
1061,2024-02-16T00:00:00+05:30,763.45,774.6,753.35,754.7,27365121
1062,2024-02-19T00:00:00+05:30,758.7,765.0,750.0,759.25,13979584
1063,2024-02-20T00:00:00+05:30,759.05,763.5,754.0,760.1,12528399
1064,2024-02-21T00:00:00+05:30,760.65,777.5,759.6,771.5,21465311
1065,2024-02-22T00:00:00+05:30,773.0,773.0,757.0,765.9,18799244
1066,2024-02-23T00:00:00+05:30,765.9,770.5,755.0,759.05,14143636
1067,2024-02-26T00:00:00+05:30,755.0,766.35,752.7,758.9,11355186
1068,2024-02-27T00:00:00+05:30,758.9,762.35,742.2,749.85,13969393
1069,2024-02-28T00:00:00+05:30,749.85,756.75,741.0,742.5,11263318
1070,2024-02-29T00:00:00+05:30,743.9,753.9,737.15,748.1,19217113
1071,2024-03-01T00:00:00+05:30,752.0,772.0,751.95,769.15,17348526
1072,2024-03-02T00:00:00+05:30,771.95,777.0,768.9,773.3,1158960
1073,2024-03-04T00:00:00+05:30,774.4,777.0,769.0,772.05,9789141
1074,2024-03-05T00:00:00+05:30,769.5,786.95,769.1,783.95,18088847
1075,2024-03-06T00:00:00+05:30,783.65,790.3,772.9,783.9,26710525
1076,2024-03-07T00:00:00+05:30,790.0,793.4,783.0,788.05,15497868
1077,2024-03-11T00:00:00+05:30,790.0,792.8,770.55,773.7,16778340
1078,2024-03-12T00:00:00+05:30,770.0,777.75,757.35,759.7,21529705
1079,2024-03-13T00:00:00+05:30,758.65,763.7,743.0,747.25,27950252
1080,2024-03-14T00:00:00+05:30,749.9,750.8,734.05,741.05,19730882
1081,2024-03-15T00:00:00+05:30,739.25,746.55,723.0,731.9,29792241
1082,2024-03-18T00:00:00+05:30,727.1,737.9,722.1,730.95,18145126
1083,2024-03-19T00:00:00+05:30,730.0,734.35,721.15,723.8,15205043
1084,2024-03-20T00:00:00+05:30,725.15,738.95,719.8,736.25,25405455
1085,2024-03-21T00:00:00+05:30,742.0,750.6,740.55,744.3,15161161
1086,2024-03-22T00:00:00+05:30,743.85,748.8,741.4,746.7,15535921
1087,2024-03-26T00:00:00+05:30,743.05,747.85,738.5,740.05,14678342
1088,2024-03-27T00:00:00+05:30,743.0,745.85,730.2,733.3,30088789
1089,2024-03-28T00:00:00+05:30,737.75,759.55,736.9,752.35,21705116
1090,2024-04-01T00:00:00+05:30,759.05,761.5,752.1,758.3,9949971
1091,2024-04-02T00:00:00+05:30,758.2,768.75,753.35,766.4,15713063
1092,2024-04-03T00:00:00+05:30,764.9,772.6,760.15,771.05,19136981
1093,2024-04-04T00:00:00+05:30,775.0,775.3,758.1,759.3,15889530
1094,2024-04-05T00:00:00+05:30,757.95,767.7,752.6,764.75,9939620
1095,2024-04-08T00:00:00+05:30,766.05,770.0,761.8,768.3,9797174
1096,2024-04-09T00:00:00+05:30,768.45,772.45,761.1,764.2,7465892
1097,2024-04-10T00:00:00+05:30,766.5,780.7,763.65,779.05,14530669
1098,2024-04-12T00:00:00+05:30,777.25,779.5,764.8,766.3,14408722
1099,2024-04-15T00:00:00+05:30,759.8,763.3,748.75,757.5,11356572
1100,2024-04-16T00:00:00+05:30,751.25,754.9,744.4,751.7,13338991
1101,2024-04-18T00:00:00+05:30,752.05,759.95,742.0,744.8,14589648
1102,2024-04-19T00:00:00+05:30,734.5,752.0,732.05,750.45,10886554
1103,2024-04-22T00:00:00+05:30,754.15,769.0,750.45,766.1,17452186
1104,2024-04-23T00:00:00+05:30,770.35,777.7,765.55,773.0,12292429
1105,2024-04-24T00:00:00+05:30,778.5,778.5,770.2,773.1,7842615
1106,2024-04-25T00:00:00+05:30,770.65,814.4,769.65,812.7,36732974
1107,2024-04-26T00:00:00+05:30,815.9,816.9,798.9,801.3,14964358
1108,2024-04-29T00:00:00+05:30,807.0,831.25,798.7,826.5,27302732
1109,2024-04-30T00:00:00+05:30,826.5,834.85,819.9,826.25,27449073
1110,2024-05-02T00:00:00+05:30,826.9,833.9,825.0,830.05,19943724
1111,2024-05-03T00:00:00+05:30,834.8,836.2,820.0,831.45,22667634
1112,2024-05-06T00:00:00+05:30,835.0,836.0,803.0,807.8,35283557
1113,2024-05-07T00:00:00+05:30,812.0,814.65,793.2,801.9,16725013
1114,2024-05-08T00:00:00+05:30,802.6,822.0,799.5,810.8,27908322
1115,2024-05-09T00:00:00+05:30,811.9,839.65,803.55,819.8,49290254
1116,2024-05-10T00:00:00+05:30,827.0,832.05,815.6,817.35,20543142
1117,2024-05-13T00:00:00+05:30,819.85,819.85,798.6,808.8,15398505
1118,2024-05-14T00:00:00+05:30,813.0,822.4,807.9,818.2,10912462
1119,2024-05-15T00:00:00+05:30,821.0,825.3,818.05,820.3,9755062
1120,2024-05-16T00:00:00+05:30,825.3,826.15,797.35,811.95,20536990
1121,2024-05-17T00:00:00+05:30,814.5,822.45,811.2,817.85,12492509
1122,2024-05-18T00:00:00+05:30,822.0,823.0,819.2,821.0,958871
1123,2024-05-21T00:00:00+05:30,821.0,836.3,819.6,830.65,14037801
1124,2024-05-22T00:00:00+05:30,826.55,826.65,813.55,818.75,19239277
1125,2024-05-23T00:00:00+05:30,824.7,835.5,822.0,832.1,17497488
1126,2024-05-24T00:00:00+05:30,830.0,841.25,827.0,828.6,12252075
1127,2024-05-27T00:00:00+05:30,832.6,839.4,823.0,833.7,12295193
1128,2024-05-28T00:00:00+05:30,835.7,840.7,823.3,831.15,13818893
1129,2024-05-29T00:00:00+05:30,828.4,834.45,819.3,822.65,14518232
1130,2024-05-30T00:00:00+05:30,821.4,836.0,819.3,825.85,17818705
1131,2024-05-31T00:00:00+05:30,830.7,835.0,817.1,830.35,22267336
1132,2024-06-03T00:00:00+05:30,863.55,912.0,856.75,905.65,64269020
1133,2024-06-04T00:00:00+05:30,897.0,897.0,731.95,775.2,122381193
1134,2024-06-05T00:00:00+05:30,790.75,795.0,744.05,789.75,74256082
1135,2024-06-06T00:00:00+05:30,800.0,833.35,796.0,816.95,40555649
1136,2024-06-07T00:00:00+05:30,819.9,831.5,810.5,829.95,25061284
1137,2024-06-10T00:00:00+05:30,834.15,845.45,829.2,831.8,16725508
1138,2024-06-11T00:00:00+05:30,836.0,839.6,829.05,835.55,14754408
1139,2024-06-12T00:00:00+05:30,837.0,845.55,833.0,839.1,15071442
1140,2024-06-13T00:00:00+05:30,845.0,845.9,836.1,843.9,12523972
1141,2024-06-14T00:00:00+05:30,845.0,849.9,835.1,839.2,12903496
1142,2024-06-18T00:00:00+05:30,841.55,851.5,840.25,844.9,14929083
1143,2024-06-19T00:00:00+05:30,846.8,860.6,841.0,852.6,32925140
1144,2024-06-20T00:00:00+05:30,853.0,853.1,842.35,843.75,13985352
1145,2024-06-21T00:00:00+05:30,844.9,848.05,828.6,836.3,18990090
1146,2024-06-24T00:00:00+05:30,831.5,836.0,821.05,832.7,12715254
1147,2024-06-25T00:00:00+05:30,837.0,845.85,834.3,842.25,20917530
1148,2024-06-26T00:00:00+05:30,839.85,848.8,836.0,845.35,16281760
1149,2024-06-27T00:00:00+05:30,843.9,847.4,838.25,844.0,20378887
1150,2024-06-28T00:00:00+05:30,846.9,864.0,844.0,848.95,23636388
1151,2024-07-01T00:00:00+05:30,849.35,850.5,839.95,841.95,10967797
1152,2024-07-02T00:00:00+05:30,844.0,846.3,823.15,826.15,21142840
1153,2024-07-03T00:00:00+05:30,829.0,843.85,825.0,839.95,23598009
1154,2024-07-04T00:00:00+05:30,843.0,844.9,834.3,839.3,13372587
1155,2024-07-05T00:00:00+05:30,838.0,861.25,837.0,859.75,24873722
1156,2024-07-08T00:00:00+05:30,859.75,865.0,853.5,856.25,10359800
1157,2024-07-09T00:00:00+05:30,859.9,869.95,856.0,861.3,13585081
1158,2024-07-10T00:00:00+05:30,860.1,860.25,843.5,849.0,17343236
1159,2024-07-11T00:00:00+05:30,854.4,858.3,849.75,856.7,8501366
1160,2024-07-12T00:00:00+05:30,856.7,863.0,855.3,859.7,11446064
1161,2024-07-15T00:00:00+05:30,859.7,887.35,859.7,881.35,25392820
1162,2024-07-16T00:00:00+05:30,882.3,888.1,874.3,880.7,11893692
1163,2024-07-18T00:00:00+05:30,880.65,894.9,877.5,893.55,19435183
1164,2024-07-19T00:00:00+05:30,895.0,899.0,883.3,889.35,14562742
1165,2024-07-22T00:00:00+05:30,881.45,895.0,868.0,876.8,14614111
1166,2024-07-23T00:00:00+05:30,883.0,884.5,849.1,863.9,18279212
1167,2024-07-24T00:00:00+05:30,864.2,868.0,847.2,852.0,19624845
1168,2024-07-25T00:00:00+05:30,847.5,850.75,841.2,848.5,9522375
1169,2024-07-26T00:00:00+05:30,844.65,864.25,844.0,862.45,12081506
1170,2024-07-29T00:00:00+05:30,866.05,889.1,863.2,871.6,26582781
1171,2024-07-30T00:00:00+05:30,874.7,880.55,869.0,872.8,13528447
1172,2024-07-31T00:00:00+05:30,873.85,874.95,868.0,872.4,11636874
1173,2024-08-01T00:00:00+05:30,877.8,881.4,859.45,862.65,11787203
1174,2024-08-02T00:00:00+05:30,856.7,858.3,846.15,847.85,12609331
1175,2024-08-05T00:00:00+05:30,830.0,831.35,800.0,811.65,27676951
1176,2024-08-06T00:00:00+05:30,822.65,826.55,795.65,797.7,17900930
1177,2024-08-07T00:00:00+05:30,809.0,810.7,800.55,808.65,17692355
1178,2024-08-08T00:00:00+05:30,812.0,817.8,802.8,808.05,14769069
1179,2024-08-09T00:00:00+05:30,816.0,829.95,809.55,824.3,15320885
1180,2024-08-12T00:00:00+05:30,820.6,823.0,811.2,812.6,16120449
1181,2024-08-13T00:00:00+05:30,813.5,820.0,795.05,797.55,17585172
1182,2024-08-14T00:00:00+05:30,800.95,809.15,800.4,803.0,11788665
1183,2024-08-16T00:00:00+05:30,803.0,814.9,803.0,812.1,11427335
1184,2024-08-19T00:00:00+05:30,815.0,825.4,812.6,813.7,10151482
1185,2024-08-20T00:00:00+05:30,817.95,823.0,813.35,820.3,10347493
1186,2024-08-21T00:00:00+05:30,820.3,821.0,811.2,815.55,14607257
1187,2024-08-22T00:00:00+05:30,819.0,823.9,817.1,820.3,7832917
1188,2024-08-23T00:00:00+05:30,821.5,822.0,814.5,815.35,5537747
1189,2024-08-26T00:00:00+05:30,818.0,823.45,813.8,815.05,8523795
1190,2024-08-27T00:00:00+05:30,817.8,819.45,811.05,815.9,12833290
1191,2024-08-28T00:00:00+05:30,814.75,817.2,806.5,809.4,10371300
1192,2024-08-29T00:00:00+05:30,809.55,816.0,806.95,814.5,18247268
1193,2024-08-30T00:00:00+05:30,817.15,820.7,814.35,815.6,8911426
1194,2024-09-02T00:00:00+05:30,817.3,825.4,813.05,822.15,11813750
1195,2024-09-03T00:00:00+05:30,822.15,825.95,816.4,824.8,10548350
1196,2024-09-04T00:00:00+05:30,815.45,818.65,813.65,816.5,10789570
1197,2024-09-05T00:00:00+05:30,818.35,822.15,814.4,818.75,8395074
1198,2024-09-06T00:00:00+05:30,811.5,812.9,777.0,782.5,40220096
1199,2024-09-09T00:00:00+05:30,785.0,788.2,771.0,784.25,21322103
1200,2024-09-10T00:00:00+05:30,788.0,788.8,777.5,782.65,12824701
1201,2024-09-11T00:00:00+05:30,780.05,788.0,765.4,768.6,20060665
1202,2024-09-12T00:00:00+05:30,775.0,789.9,772.75,787.75,17578964
1203,2024-09-13T00:00:00+05:30,791.0,795.0,785.1,790.85,12950936
1204,2024-09-16T00:00:00+05:30,790.85,795.0,784.4,785.55,9553736
1205,2024-09-17T00:00:00+05:30,785.6,787.5,780.55,782.9,10665630
1206,2024-09-18T00:00:00+05:30,783.8,794.75,782.0,792.75,18324412
1207,2024-09-19T00:00:00+05:30,795.05,801.35,784.05,789.95,10645478
1208,2024-09-20T00:00:00+05:30,794.85,794.85,779.5,781.7,21372244
1209,2024-09-23T00:00:00+05:30,786.0,805.0,784.5,801.85,17309545
1210,2024-09-24T00:00:00+05:30,799.25,804.25,796.5,798.25,15180653
1211,2024-09-25T00:00:00+05:30,797.9,798.0,788.7,793.1,18465571
1212,2024-09-26T00:00:00+05:30,796.0,803.0,791.6,801.85,23198842
1213,2024-09-27T00:00:00+05:30,801.85,808.0,798.45,802.65,15193681
1214,2024-09-30T00:00:00+05:30,801.9,802.6,786.45,788.0,15427992
1215,2024-10-01T00:00:00+05:30,788.0,800.35,788.0,796.95,13280535
1216,2024-10-03T00:00:00+05:30,789.9,804.0,784.3,794.1,15944135
1217,2024-10-04T00:00:00+05:30,792.0,809.85,785.25,796.65,20097454
1218,2024-10-07T00:00:00+05:30,800.0,804.0,765.4,770.65,24267990
1219,2024-10-08T00:00:00+05:30,772.25,784.4,772.25,781.45,8560960
1220,2024-10-09T00:00:00+05:30,786.7,804.35,782.05,797.4,18758697
1221,2024-10-10T00:00:00+05:30,799.0,804.45,795.0,797.1,10241015
1222,2024-10-11T00:00:00+05:30,797.2,802.7,793.0,799.75,14322720
1223,2024-10-14T00:00:00+05:30,802.0,809.25,800.8,805.15,8967564
1224,2024-10-15T00:00:00+05:30,805.5,807.5,801.6,804.65,6252104
1225,2024-10-16T00:00:00+05:30,802.8,809.0,802.05,805.45,6494240
1226,2024-10-17T00:00:00+05:30,809.5,819.5,806.0,811.05,18580553
1227,2024-10-18T00:00:00+05:30,811.1,822.6,802.9,820.4,11704698
1228,2024-10-21T00:00:00+05:30,824.7,826.45,809.0,813.95,10359618
1229,2024-10-22T00:00:00+05:30,814.0,816.85,787.5,790.4,16645356
1230,2024-10-23T00:00:00+05:30,790.0,792.6,779.8,786.0,13866198
1231,2024-10-24T00:00:00+05:30,786.05,797.0,784.65,794.55,5607500
1232,2024-10-25T00:00:00+05:30,798.0,800.75,772.0,780.95,9717125
1233,2024-10-28T00:00:00+05:30,783.8,803.95,783.55,792.05,13757251
1234,2024-10-29T00:00:00+05:30,796.0,834.85,790.5,832.7,28274791
1235,2024-10-30T00:00:00+05:30,828.0,833.0,821.05,822.45,15977682
1236,2024-10-31T00:00:00+05:30,820.0,828.0,813.55,820.2,13402324
1237,2024-11-01T00:00:00+05:30,822.4,825.6,818.9,821.2,1637141
1238,2024-11-04T00:00:00+05:30,822.7,837.5,807.1,829.85,14498161
1239,2024-11-05T00:00:00+05:30,829.85,851.4,826.25,849.2,26254561
1240,2024-11-06T00:00:00+05:30,849.2,861.4,846.2,854.8,15002433
1241,2024-11-07T00:00:00+05:30,861.0,862.4,846.7,859.6,15283847
1242,2024-11-08T00:00:00+05:30,859.6,863.5,834.2,843.15,26139105
1243,2024-11-11T00:00:00+05:30,846.0,854.0,842.0,847.65,12621337
1244,2024-11-12T00:00:00+05:30,852.5,853.4,824.3,826.7,11350729
1245,2024-11-13T00:00:00+05:30,823.35,831.75,804.65,808.65,13756706
1246,2024-11-14T00:00:00+05:30,808.65,818.0,801.05,804.25,9461484
1247,2024-11-18T00:00:00+05:30,811.0,816.7,799.25,814.3,9322451
1248,2024-11-19T00:00:00+05:30,819.0,820.3,800.1,803.0,13677029
1249,2024-11-21T00:00:00+05:30,798.5,798.5,761.55,780.75,29486577
1250,2024-11-22T00:00:00+05:30,786.0,819.95,784.05,816.05,20665405
1251,2024-11-25T00:00:00+05:30,827.0,849.6,825.65,844.45,23434605
1252,2024-11-26T00:00:00+05:30,844.0,846.7,835.55,839.4,8893744
1253,2024-11-27T00:00:00+05:30,838.5,842.5,832.1,834.1,8375108
1254,2024-11-28T00:00:00+05:30,834.1,845.8,830.5,838.85,13505677
1255,2024-11-29T00:00:00+05:30,841.1,844.05,831.55,838.95,10822949
1256,2024-12-02T00:00:00+05:30,838.95,842.0,832.7,836.4,6651119
1257,2024-12-03T00:00:00+05:30,838.0,856.6,836.9,853.95,12186182
1258,2024-12-04T00:00:00+05:30,853.95,864.0,850.3,859.7,10749716
1259,2024-12-05T00:00:00+05:30,860.0,871.45,855.6,865.45,14716036
1260,2024-12-06T00:00:00+05:30,865.25,875.45,857.0,863.65,14520568
1261,2024-12-09T00:00:00+05:30,859.0,866.85,856.95,858.05,9630346
1262,2024-12-10T00:00:00+05:30,861.8,868.95,858.05,867.5,7379849
1263,2024-12-11T00:00:00+05:30,867.5,869.85,860.95,861.6,7006973
1264,2024-12-12T00:00:00+05:30,861.5,864.3,851.15,853.7,8845103
1265,2024-12-13T00:00:00+05:30,852.6,862.9,835.0,861.55,9379370
1266,2024-12-16T00:00:00+05:30,859.8,866.4,857.8,860.95,6432713
1267,2024-12-17T00:00:00+05:30,858.55,862.6,847.05,850.55,8791216
1268,2024-12-18T00:00:00+05:30,851.0,852.0,837.0,838.15,8295338
1269,2024-12-19T00:00:00+05:30,824.6,838.0,820.2,832.8,9453398
1270,2024-12-20T00:00:00+05:30,834.9,836.0,810.0,812.0,10244198
1271,2024-12-23T00:00:00+05:30,817.3,824.0,812.2,821.15,4933200
1272,2024-12-24T00:00:00+05:30,824.25,826.2,809.2,812.05,10602771
1273,2024-12-26T00:00:00+05:30,813.0,822.85,808.0,812.45,8318714
1274,2024-12-27T00:00:00+05:30,816.3,818.3,797.2,799.65,10649800
1275,2024-12-30T00:00:00+05:30,802.0,807.95,785.0,788.3,21515438
1276,2024-12-31T00:00:00+05:30,786.95,799.2,786.0,794.95,9086044
1277,2025-01-01T00:00:00+05:30,795.55,798.65,789.5,793.2,7273098
1278,2025-01-02T00:00:00+05:30,795.0,802.4,787.0,801.2,11398319
1279,2025-01-03T00:00:00+05:30,801.2,809.5,792.15,793.4,13336514
1280,2025-01-06T00:00:00+05:30,797.4,797.6,773.15,776.4,11419367
1281,2025-01-07T00:00:00+05:30,779.85,783.85,774.85,778.75,9669152
1282,2025-01-08T00:00:00+05:30,780.9,783.95,760.1,771.15,15641490
1283,2025-01-09T00:00:00+05:30,771.15,771.35,726.25,760.45,15351029
1284,2025-01-10T00:00:00+05:30,760.35,763.4,742.05,743.25,11779296
1285,2025-01-13T00:00:00+05:30,741.5,743.95,722.5,729.5,10414733
1286,2025-01-14T00:00:00+05:30,732.95,757.0,732.95,748.15,11960975
1287,2025-01-15T00:00:00+05:30,753.15,758.9,750.0,753.7,7792299
1288,2025-01-16T00:00:00+05:30,760.4,776.7,760.4,766.3,11816079
1289,2025-01-17T00:00:00+05:30,766.3,767.95,759.4,764.1,5766573
1290,2025-01-20T00:00:00+05:30,769.0,785.0,767.85,779.25,9198929
1291,2025-01-21T00:00:00+05:30,784.8,784.9,756.05,759.05,13751780
1292,2025-01-22T00:00:00+05:30,762.0,763.0,738.0,753.45,9908339
1293,2025-01-23T00:00:00+05:30,750.0,755.65,743.1,745.9,10986405
1294,2025-01-24T00:00:00+05:30,749.9,753.7,739.0,744.15,10579213
1295,2025-01-27T00:00:00+05:30,740.0,755.35,735.9,749.2,11433353
1296,2025-01-28T00:00:00+05:30,757.0,759.75,745.4,752.4,14140860
1297,2025-01-29T00:00:00+05:30,753.0,760.8,749.8,758.45,9251973
1298,2025-01-30T00:00:00+05:30,758.55,765.0,754.75,762.6,11085824
1299,2025-01-31T00:00:00+05:30,764.9,777.55,759.5,772.9,10083763
1300,2025-02-01T00:00:00+05:30,774.8,778.75,752.15,766.0,9363077
1301,2025-02-03T00:00:00+05:30,762.8,762.8,753.15,760.95,7862190
1302,2025-02-04T00:00:00+05:30,767.0,781.25,765.65,779.2,12020807
1303,2025-02-05T00:00:00+05:30,780.0,782.0,765.0,766.05,13419162
1304,2025-02-06T00:00:00+05:30,769.0,770.85,750.05,752.25,32745391
1305,2025-02-07T00:00:00+05:30,759.8,759.9,731.75,737.2,37240692
1306,2025-02-10T00:00:00+05:30,740.0,743.9,733.4,736.8,12667049
1307,2025-02-11T00:00:00+05:30,737.45,740.15,726.55,731.1,13017060
1308,2025-02-12T00:00:00+05:30,733.15,738.7,717.15,733.15,12697743
1309,2025-02-13T00:00:00+05:30,734.4,737.5,726.15,727.65,12370571
1310,2025-02-14T00:00:00+05:30,730.95,732.9,716.2,722.15,10417539
1311,2025-02-17T00:00:00+05:30,719.05,728.75,711.55,727.7,9093600
1312,2025-02-18T00:00:00+05:30,727.7,728.25,717.35,725.8,8562003
1313,2025-02-19T00:00:00+05:30,722.05,734.85,722.05,727.3,6766606
1314,2025-02-20T00:00:00+05:30,724.9,731.5,723.35,729.7,7423268
1315,2025-02-21T00:00:00+05:30,727.3,731.7,720.0,722.0,6571602
1316,2025-02-24T00:00:00+05:30,710.5,719.75,710.5,716.4,6912148
1317,2025-02-25T00:00:00+05:30,718.95,718.95,710.0,710.9,8599635
1318,2025-02-27T00:00:00+05:30,716.0,717.7,701.1,703.9,12033139
1319,2025-02-28T00:00:00+05:30,700.9,701.35,682.6,688.8,15780609
1320,2025-03-03T00:00:00+05:30,690.15,697.4,680.0,695.3,10598479
1321,2025-03-04T00:00:00+05:30,693.0,718.45,692.1,716.05,14386214
1322,2025-03-05T00:00:00+05:30,717.55,731.3,717.0,730.35,10409805
1323,2025-03-06T00:00:00+05:30,736.0,736.75,727.0,732.05,10928847
1324,2025-03-07T00:00:00+05:30,732.05,734.85,728.0,732.75,7246729
1325,2025-03-10T00:00:00+05:30,732.75,738.5,726.6,728.9,7400109
1326,2025-03-11T00:00:00+05:30,724.9,734.05,722.7,729.85,5538789
1327,2025-03-12T00:00:00+05:30,730.6,737.0,719.05,723.05,5547762
1328,2025-03-13T00:00:00+05:30,725.9,731.45,724.5,727.85,5908337
1329,2025-03-17T00:00:00+05:30,728.9,731.25,722.3,723.15,5149565
1330,2025-03-18T00:00:00+05:30,726.6,738.45,722.6,736.7,8087710
1331,2025-03-19T00:00:00+05:30,739.6,749.3,739.1,745.1,7604850
1332,2025-03-20T00:00:00+05:30,748.0,752.7,744.2,749.55,6963197
1333,2025-03-21T00:00:00+05:30,749.95,755.6,747.0,753.2,9577327
1334,2025-03-24T00:00:00+05:30,758.0,782.95,755.1,780.8,12095064
1335,2025-03-25T00:00:00+05:30,783.9,786.0,769.2,772.85,15190143
1336,2025-03-26T00:00:00+05:30,772.0,776.05,761.45,764.0,7711852
1337,2025-03-27T00:00:00+05:30,763.8,775.8,760.5,772.3,15648616
1338,2025-03-28T00:00:00+05:30,772.1,778.6,767.0,771.5,7628185
1339,2025-04-01T00:00:00+05:30,766.8,782.75,763.2,771.7,7011125
1340,2025-04-02T00:00:00+05:30,772.3,777.0,764.3,775.95,5458436
1341,2025-04-03T00:00:00+05:30,770.0,784.7,769.95,779.2,7956680
1342,2025-04-04T00:00:00+05:30,779.1,782.9,765.0,767.45,8231194
1343,2025-04-07T00:00:00+05:30,730.0,753.7,730.0,746.9,14923235
1344,2025-04-08T00:00:00+05:30,760.0,774.0,758.15,768.6,12911288
1345,2025-04-09T00:00:00+05:30,767.0,767.95,741.0,742.2,11319387
1346,2025-04-11T00:00:00+05:30,759.0,759.7,746.0,753.85,9360327
1347,2025-04-15T00:00:00+05:30,770.0,770.7,757.1,763.5,7859090
1348,2025-04-16T00:00:00+05:30,763.5,774.75,760.5,771.75,12536694
1349,2025-04-17T00:00:00+05:30,772.0,801.0,767.15,797.45,27034818
1350,2025-04-21T00:00:00+05:30,803.0,824.35,801.4,816.7,16398507
1351,2025-04-22T00:00:00+05:30,821.15,835.5,814.0,822.4,25117557
1352,2025-04-23T00:00:00+05:30,826.0,831.0,810.1,813.45,12104382
1353,2025-04-24T00:00:00+05:30,812.75,819.0,811.15,813.4,12713521
1354,2025-04-25T00:00:00+05:30,815.0,819.0,787.0,798.65,13131038
1355,2025-04-28T00:00:00+05:30,798.65,822.8,797.4,817.35,11317611
1356,2025-04-29T00:00:00+05:30,820.0,829.0,809.0,812.55,11283059
1357,2025-04-30T00:00:00+05:30,811.5,811.5,784.5,788.65,25635764
1358,2025-05-02T00:00:00+05:30,790.35,803.4,789.0,799.6,8057766
